-- phpMyAdmin SQL Dump
-- version 5.2.1
-- https://www.phpmyadmin.net/
--
-- Host: 127.0.0.1
-- Generation Time: May 20, 2024 at 06:18 PM
-- Server version: 10.4.32-MariaDB
-- PHP Version: 8.2.12

SET SQL_MODE = "NO_AUTO_VALUE_ON_ZERO";
START TRANSACTION;
SET time_zone = "+00:00";


/*!40101 SET @OLD_CHARACTER_SET_CLIENT=@@CHARACTER_SET_CLIENT */;
/*!40101 SET @OLD_CHARACTER_SET_RESULTS=@@CHARACTER_SET_RESULTS */;
/*!40101 SET @OLD_COLLATION_CONNECTION=@@COLLATION_CONNECTION */;
/*!40101 SET NAMES utf8mb4 */;

--
-- Database: `food`
--

-- --------------------------------------------------------

--
-- Table structure for table `items`
--

CREATE TABLE `items` (
  `id` int(11) NOT NULL,
  `name` varchar(20) NOT NULL,
  `price` int(11) NOT NULL,
  `deleted` tinyint(4) NOT NULL DEFAULT 0,
  `image` blob NOT NULL
) ENGINE=InnoDB DEFAULT CHARSET=latin1 COLLATE=latin1_swedish_ci;

--
-- Dumping data for table `items`
--

INSERT INTO `items` (`id`, `name`, `price`, `deleted`, `image`) VALUES
(1, 'Chicken Biriyani', 100, 0, 0xffd8ffe000104a46494600010101007800780000ffe100224578696600004d4d002a00000008000101120003000000010001000000000000ffdb0043000201010201010202020202020202030503030303030604040305070607070706070708090b0908080a0807070a0d0a0a0b0c0c0c0c07090e0f0d0c0e0b0c0c0cffdb004301020202030303060303060c0807080c0c0c0c0c0c0c0c0c0c0c0c0c0c0c0c0c0c0c0c0c0c0c0c0c0c0c0c0c0c0c0c0c0c0c0c0c0c0c0c0c0c0c0c0c0c0c0c0c0cffc00011080050005003012200021101031101ffc4001f0000010501010101010100000000000000000102030405060708090a0bffc400b5100002010303020403050504040000017d01020300041105122131410613516107227114328191a1082342b1c11552d1f02433627282090a161718191a25262728292a3435363738393a434445464748494a535455565758595a636465666768696a737475767778797a838485868788898a92939495969798999aa2a3a4a5a6a7a8a9aab2b3b4b5b6b7b8b9bac2c3c4c5c6c7c8c9cad2d3d4d5d6d7d8d9dae1e2e3e4e5e6e7e8e9eaf1f2f3f4f5f6f7f8f9faffc4001f0100030101010101010101010000000000000102030405060708090a0bffc400b51100020102040403040705040400010277000102031104052131061241510761711322328108144291a1b1c109233352f0156272d10a162434e125f11718191a262728292a35363738393a434445464748494a535455565758595a636465666768696a737475767778797a82838485868788898a92939495969798999aa2a3a4a5a6a7a8a9aab2b3b4b5b6b7b8b9bac2c3c4c5c6c7c8c9cad2d3d4d5d6d7d8d9dae2e3e4e5e6e7e8e9eaf2f3f4f5f6f7f8f9faffda000c03010002110311003f00fb1bc4ba578775dd6d6cf5cf0cdc16111486e44023316dedbd40279c0c7cd8070335c3788be1d697a2f879358b3645b0925f27c9b82a66572fb30b80037cdf2ede181ec6b8a5f8c3e0df15f8de1d6bfe137d63c2f770c0b0bda09a36b3982ff0e24e036d3d99948ed9ce7d97e1ff0086f5cf8b1e14d3a08ee246d116f63bbbbd4a4b358f7db06f31a18635e19d98005c90aa199802db40fe33e13c466d2c753c3d3739c1ef169da2b77ccda5ca95dd9abaf3b1fd2b9e6028e0b0dedaabe47a6f75aeba25b3e9b33cd245b55897cbb3bb995b04086d918e3fe058c55db682dee63dcba5df2ffbf081fc89af735fd99ac8c524d6f716eb0e723ccb6750c4f38c8622957e0b5d4307ee62d266e3213cedb263dc1fe55fbc2c9e563f3dfeda8773c5a1d2ff007a3fe2572b64719888feb5a767a2964f974794f3fdcffebd7af47f0d759d16252742fddb74689525cfd319a9f4cb19a1b8c4d692ab6795954a7e86a964ad3d45fdb0a5b1e5da77832e6e02edd2e30a7bbe462b6e3f035d43a7ddc9e5e9f6e63b691f1bb9e109cf3f4af45d5a416302b47a7cd71d41da3e51d3ad66788f59b8b4f046b12ae8c235fb05ce640b91fea5f93c715a3c9ddae47f6a272b1f9c3e0af12c7631de4e931b7b992c5923206d396f97218763cf5f5e473441796d2ea967e5dc6d733058a3329dce7209da7279c7ae7ebe9e7ba7f89458e8f202c5646861b861bfe501d987e1c8ed556c3e32690bf12f40d3ed6ea191af9dc4623992eb122e1b0597fd582bb8631838ea0819cf19c3b5e9fd62517fc38a6fceeaf65a3dafa9f1d96789180c5cb2e8ca0ef8c9d584755eefb3935796ab7e549593f7a56db53ed9f81507c299bc41f0fb54d1756d3f5292f7c3b6cfaa5958dab6b12daea990d2289991638898db272c0210c003c57d16fe38d7b4ef08f8966d07496bcbfb0b2b892c2d1584b2cf318d8c0b86201f9b6e738ced3c9afcb5d5be3d7dab57b2bad1e4dbb47f65ebf0596bf240b6d699125bdc40cbcacaa582c8e18fdfe796047da9ff0004aef10f8e3c7fe10d7a6f124ba85c7866f2f2d64f0f9d6828d619043b668e57566df0ab0411b672df3f6e68cb2abbfb382e5edb2dbf0dd5f449773edb38ca6ad08fd62bd4f69aea9b6f777ebadada2388fd8a7f6ca926f89ba93fc4fbef12699e2c8ec22b0d4dafa7754db092564fb1f0a8e4b6331a60f1919393f7df85b50b6f13d9ff006859dc437506e223b9474994fb123a1f6e315f34fede7e10f87ff15f47d2e190e9337c48b18a5baf0ecd6b3469362275dcb393f7ad8b80369cb646530724fcdff00bf68dd5356b28ef741d725f0deb10266e612e425cb890860c840465edf3f385cf2715f3b1cfea651899d08bf6d4f77abe68b6bbb6d3db6fc4f73fd5fa59e61a38aa49d1a895acfe1696d6b2ba5e7b791fa756c2e1448d3341b5701b6b6d687f01dcfbf35e41fb4efed4965fb35ea3a5da5c58ea1ae6b7a9a79d0da8711c4b06f0a49760c58f5f9514f4258a8ebe4365f1674cf887631c3750ea5a678aa3626d1e2d4a7fb24b3baecde21258024617730c28207a0af9ebf68af09f8a3e1b7c528fc63e21beb8f13d9db58dbc7f66b98d206b094ae18611d9bca6e5808f79f964dc7819c713e202ad49430b6527b3bc9b5aea9a714afeafbd8cf2be05853c55f1edf2f6d15fb6a9bd2fd4fd2bd1f59b2f14f866cf5ad2d60beb2d52259e2745c6e561d31c608e841e841ae3bf68ff008a3a1fc19f805e28d63c44e34db56b09acd0fdef3679d1a28a30a09392ec3a741927815f2c7eca5fb597fc2a8bad3bc337daa69b7cb23ac691da5e79b05a3cac1dd2e177b6c621b0b3287db8c36d6383f4478e1743fda3fe18ea56ba868f6fa8d8cca23b8b691d64b794eddcae8e3ae3a06e08653dc57d4653c4f431d4a349be5ab25b3bd9e97ba76f5697dccf9cce387aae5b5f9a5ef52be92eb6be87e2b5e789e4d2bc2dae4da8336a0ea6dd25f28f96cd1a6f2610a7fd5b6de307bf3923933fec4da5fc2bf8f3fb637c3df0de9fe1bf19f85f48bcbf79b589eeef54078a189e4d8acb92a18aed2c3185627b57d03f1f3fe09dbae58eb1753e87058cda4e736f26a65fcfb58f93e59751f3a83820b7231ebc9e2ff676fd8d3c71f077e3df85fc6d7d79e15d2ecfc3f7eb7127da2e66896e2139491540420b346ed8cf19c66bd4a59a576ab42ac1373b5dbf25cb75ebd4f8ec5702e553ad83c461eb4a2b0ce4e304da4f9a7cf669593b3d2374eddee7d15f01ff00e089fe11f0f78b47dbf56d735482d640648e6337971e33f2852fc1f5edec6bec6f89d75e1bfd99fe01ea56cdac697a1e9dfd9f259da9b8716ed71318982c68f9c99300918e4633d05753abdd7f63daf98937d955b264f31f68cff893ef5f2c68be15b9fdb1bf6b2d4afbc490cf79f0d7c0370da7d9c4f931a4ea3067098f9dde4cee00e426c1d339cf13c9875651bca5a277feb43ebf2da33c7547ed67cb086aff00e079be9f79f22fc69f08ff006ef88f4f6bebcd5a40caa926ad6f24b75745dc8f2967f9c2ac63e57182418db7853b5b137c3ed2f5ef80a754bdbed36e7566d5eea2885c8695e4591311bb4adf7c4676a8e00ec41615df7ed0da0e87e37f897e2ab19ad96c74fb7d626b4b24898411945778d2020b22c8abf3140ee8c0c8ca8c3214c7e22f177816d2cbfe11dd63fb2f43b986611c1637da94d612084cb130675bc589fccda87e6432019243b8c29fcef19839ba6a8d25ed229ebdd7caf7dfb5d1fa3d1c454a55156af270badb4e5b77bdb4f9b5fe70fc31b4b8f1478eaeef05f6a5a4ff0060ca937d9e19c4d25d4a41678bcc7e7e4507a01d7774c67d97c55fb55f87bc2369a769f7d16a979a947245a7c6d71aa79de6ac8d821d02ec242e461864a8ef815f3078d3c33a9788fe23dc8f09eafe1dd174dbeb5b7bab8d48482fed6e277da8d6aca8c58188a8dcea42b26090c402733c69e19d4356f8a7a4cd7d3added31cb7522df5a41696e13706cb1906f2f8560415da580c90ac0fcec786b1352ba9c135171bdb93de56d7769faef75e5b1ecbcf3015d5b132d62edbd93fb9eabf0dcf69fda6be18785f5ef02e9faafc2bd1f49d056d61305ec7382c25123a061b9409d786dc72ec544838e411ec9fb3a6bda2fc08f85afe3bd5bc41a7695e03f0f7873ecda9cde507927bc92e596d921116ecc6c5c3005b76d84900e4e391f04e9d61e25d3e5d5358d534c9bc2fa4ca840b38e2bcb1823450551af2445823532242eca2592491a35f906003e47fb6ac87e31ad9f837c2fa7eabe1ff0a68e9378857726cfed2b90159f529e32158a20902a92abb15d984680903e8323c0d458884f16d7baee97da6f4b5eddbaeddad66d9f3d994562a87d5e9a6e37d64f64badafbb6baafbcfbdb5ad1b45f893a259ea5a7dc59ea3637902dcc1716530961b98dfeeb29e9b4faf5e39afccdf8affb4e691e3cf1e7882d7c371eac9e1eb1bbb9b6ba7d4196e8a4f033071140c53e4565196cc8a9f2f406bd13fe0999f133c49e1bd13e217c33bcb7bcf3348d386bba4412315366fe77937312ff00b2cec8e00e38247deaf27f04fed61a97ecbbf1ef54b7f112f882cfc1fad3cc75ad285aa496f20941f3163122910ef6c162bc30e480d835f7d8c92a90e751bc97dff2d1ebfd33e4f03858607113538aa8b4e54ffab5fd4fd2ef8cde3887c09e1a9d5ef20b85b8ca22ee2cfb9b8f5231ee7a5697fc12ebc6fa3f8b6c752d2ed6e218eeacf559f57d46dbfe5a4572c8155c291fea9887756f5c2f506be7ef883fb5afc0df8cda5dc59c7e32b3b5d4ae812b63a989348b888f6509384f987d4fb57cd5e1ff0010f8a7e17fc4bfedcf0bebba9787756d3662da56b1a7ccb399236ea19b98e58df90d1b646304f635d55aa2538b96c8f2f034e5eca74d5d392d6ebee3dc7f6f6f8776df0b3f6a1f17695f6b86f741d45d75196188a33159c86f21c1f995f3c91b48dbf3360019f9e3e3e783af2e7e16fd8ed7c45a87f66c514115ad94f3add58465e079dfcbf39655540155556065c96ce00cd737fb58fc52f1d7c71b5d4359f124971a5ea5753c92dc6a36b1bfd86e656e04b98f32c1d38521a3e7afddc781db7c63f899a044618b59b1d5e182469a255b9df117c15caa2b284e198f08b9c9049ce2be770f81a91aae74df2abe8bcba1fa6fd7a9d4c2d3a4df3c94526d69aa5ae9a7fc1385f1c685e4f8caf1607b178627da92c3676f0ace14ec2e17b292320ff1020e066bdfff0062ed018fc53f0edacdaac5a32eab7f6f6b1cef6f0cc603248d1c7288c44db94cb1853b77101c7182457cc1aef8c75ed5a78fedde17d61b68511ac36c0229550a080aa000a00000e303bd7acfc0cf895e32d156d5748f06eaaecde6ca16eeea4821cee5640402be5959079a854821b939afa2c753be1ed2fcd1f2981539629b835f733f5b752f06786ec3c0561e2af136a575acdeb5a24d1ea3aceaa6ea1d3d986d65b75dbb76ac81c036f02e36fcdb70d5d57fc130be0f5afc68f8bbe25f88daf2d8c96fa669b3f87edb4eb8da66b8b7bada659668b736c8b602832773ee2580c015f9c1a0ea9f103c63aad9ea5e3af1058e9f14929922b38e4fb5ea176ed90f90acc489072c0b85dc49dbc9afab7f663b9f14781ec2f6c7475d63c37a5ead12c57724bc5f6a1096ddb3230218c9e495dd21c6372835f1f80c1430b8bfac4bdef9fe07d466fcbfd9b2a0aaa539796cb4bfde7b17ec7ffb375afc29f8c5e24f126a4c2e2e6f6ce3d0ecbcb4dcd6d6d1485f7c9d7e76fdd8e79c4632016c0f44f8dffb18785be366a492ead05bee471225c322a90739c118c1e9d0d6a78425d3fc2de1a81e1d42c74db183a894ac791df9623e6e7be4939ac5f05fed6da5e95e279347d73c47e119ade51248f7f034b158c31a6490d2cb8fde11db905b2178e9f4ff0058a108c6956d6efa74f53f30c6cb1552afb6a5194ba5d26f634bc4be0ff0efc47b16b7d7745d135189c72b796114e39ff794d7c8ff00b577fc13e343895f58f00c96be11bc872d243a5a1b449bb9e1081dabeb88bc33092a63864dc7b16359fe27f861fdb568ebfbe456e30246ff001af66b538ce2d18616a54a55149edd8fcb7bc8bc61a2dd9b3d435eb7bcdbc345a9e9f0ceafdbef615ce79eaddea4b7f849a1ebd2349ab782341b99e51969f46d5e7d3646ff0080112a67f2afac3e377ec31ff091df49736f3dda3e4943f31393f9d791dc7ec61e24d31fe4bdba555392122fcf3f2d7c7e2ab54a152d27f87f91f79858e13110524ade8cf39b2fd9b3e1cde3ac82e3e24f86d8f0c4c769a8c6bc63ef460b1fc507d2bd43e177ecb9f096facd6d6f7e2ade48edc082fefc696c78c6d28cb19fc8e2b3ff00e195bc5d1be16eae1bb806dbeed69d97ecc9e249d15666b5b9070acb340c5587b8ce2b2a799372bcd27fd79a65d4c17bb6855927e6ee7bff00c0aff827af80fc113c7ac69eeb7970a498aeeddfed1919ff009ea371627ebed5e81f1a7e03eb9e35f83baed97833523a2f896e2d9ad6c6f99b6bd83ee57f39401d72307d4123bd7cdfe0cfd8da5b5bc4921b1834ab8c83e7695793d8c99f50616539fae6bdf7c17f02be256896b10d07e2d78b34f29c8835782db5cb7fa1334625c7d24fc6bd8c1ca159e9076f33e5f1d87ab49f33a899e15adfec1df1dbc4ba743a96b9a849e254b7ba633e97a0ea2ba548c80364acd386121c9c05f97af5e0573e3fe09bdf1635bb98f5087c29a57d8af19a48a3d7b5926fac173811cd118a78d9d71c3a9c3020e074afb1ecf5dfda13c1c363695f0c7c776aa305ad6f2f341bc7c7fb2c278b3f8815a7a47ed5dae784cb7fc25df08fe24683b98f99369f6d0f88ad4e3b86b690cb8ffb67f8574c32ba107aa7e7b7e873cf39c75aca49dbfab58fffd9),
(2, 'Mutton Biriyani', 150, 0, 0xffd8ffe000104a46494600010101007800780000ffe100224578696600004d4d002a00000008000101120003000000010001000000000000ffdb0043000201010201010202020202020202030503030303030604040305070607070706070708090b0908080a0807070a0d0a0a0b0c0c0c0c07090e0f0d0c0e0b0c0c0cffdb004301020202030303060303060c0807080c0c0c0c0c0c0c0c0c0c0c0c0c0c0c0c0c0c0c0c0c0c0c0c0c0c0c0c0c0c0c0c0c0c0c0c0c0c0c0c0c0c0c0c0c0c0c0c0c0cffc00011080050005003012200021101031101ffc4001f0000010501010101010100000000000000000102030405060708090a0bffc400b5100002010303020403050504040000017d01020300041105122131410613516107227114328191a1082342b1c11552d1f02433627282090a161718191a25262728292a3435363738393a434445464748494a535455565758595a636465666768696a737475767778797a838485868788898a92939495969798999aa2a3a4a5a6a7a8a9aab2b3b4b5b6b7b8b9bac2c3c4c5c6c7c8c9cad2d3d4d5d6d7d8d9dae1e2e3e4e5e6e7e8e9eaf1f2f3f4f5f6f7f8f9faffc4001f0100030101010101010101010000000000000102030405060708090a0bffc400b51100020102040403040705040400010277000102031104052131061241510761711322328108144291a1b1c109233352f0156272d10a162434e125f11718191a262728292a35363738393a434445464748494a535455565758595a636465666768696a737475767778797a82838485868788898a92939495969798999aa2a3a4a5a6a7a8a9aab2b3b4b5b6b7b8b9bac2c3c4c5c6c7c8c9cad2d3d4d5d6d7d8d9dae2e3e4e5e6e7e8e9eaf2f3f4f5f6f7f8f9faffda000c03010002110311003f00f85fc1ba1dff00c04bcd3f53b7d72fb43d5ae95da2b969362c316d1832478cf27270c4718c735f537ec7ff00b57fc5af84fe019b5ef0cf8a2d74fb1b8d76dee750b2d4f4b5bcd3f518e6051be573989c48108f2c86f998007815f2de99a95af883e2cd8da5f5e5c4da143750dc440bf9f34d1aae122c370c032e3040e5b9af6df893f15f50f037c3af017c36f0958b7893e255e6b13f8a351b38ad92ef66e1e65959344ca554c015e7665c7cd263202935f0b96d6c4394e0e5f65be67b2edff04fb6e22c3c25855ec5252bd92ebb6e7d87fb627fc143be1a7833e12f8d6fb45d26ce4f1e7c51d126d1a4d3e271fd93a75c496e2296eccfb73241b652c8a8a6491b20aa805abf2fbf670fd8835cf8e370b61e0ff0bea9e2eba84012dcceff0062b28502e4c84e7714c0393bf70feef22bf44ffe09d3ff0004b017fe2db2f887f182f22d63c497816f2db4599e355d35195591de265fde364b2844508a33d4d7db5aefc1ad165d79afb48fb7add2dac89a2e9f232dbe9f6caae4ba2ac680c60bf1f316dc06082057c7e6de2551cae9cb0996c5549a7acb68b975695b55b2d1eadaee4e59c3752aa8cf1d2bbb2bdbd34d7a77f91f94d27fc120bc5fa447ad5b7f66e856ba8e9fa625e69f0bf87de48759768d58791752129b37174264dac3667690c09e03c79ff04c4f891e1cf87d2788750f87be1dbad36d5247bcfb2dd25b5c5a04df92e23978c840c06d271220db9dc07eb77c507d4a1f16cfaf43e26bf92ceded1bed7e1f7758edf680abf6859305f7a7f0281f31639dbc8af21f8a3f1523d5e182cfc2ba0ea3a5693ab411c7e229934b598cf14ee659922865650d39428ce58140189c12a2be6f07e2a670eafbce12869ab4d6fd375af5d6fbd91edc78630f38b6e0e2eed74d9753f193c49f00ada2731c2b79a1ea0cbbd34dd657ca337247eee6c0079047ccabcf7ae075ef01cda2ea1259dd5ac96b730b6d78a442aca7e9fc8f435fbb1ab69df0dff68696ebc23ab451aeb1e1ed5e5b68e6d46ca2b860e494f265902e7714393b59483ce38af89bf6d5fd8afc1bf087c0934163aa6b5aa2e9378628e6b8b60f2e9d69b5511d6452ccc3cc5919d1f0bb58950840ddfa4f0df89d84cc310b038d83a359bb24f677d9a7656bf9fde7cee69c2b5a843db517cd1dcfcdfd5bc2a117eefe95ca6bda07d989c0fa8af67f167879b46bb92d2e3ca7750192489b747321195910f7561c83fd735c2f8934cca36003c57e9ae1d8f923d13e0378bfc45e32d69f526b1b78ecec648ededd25796e0de5e487f750aee38c0e5dced276a80305857ebc7fc1397f63f6fd9b749d07c65ab787b55d5fe2d6adaaa0d4e4b98c2ad8dadcab8dcc32c011b4856f95944a7803207c77fb05fecc9ff09ef8dbc39a6c5776ba2c7e15b28358ba7b9b95863b8b9bb533b295da4c99b658e30898701598118cd7e9578e3e326a326b763e1df0fdedce8fa8eb3bafa499ec16409047fb9f2578fb8a423060dd0f4c935f83f8959e5778d8e4997c55926e76d2eedb69d16afc9a57d0fd0f87729face1feb35a4eedab37d2ceff008d8d4f15d9ea3e0ef14dc34721b9d76dda69edad346bb11dad8b4811b1329077977652a546372b60f71c1feccbfb5baa6b2be15f1a7d9f4dd4a1b191b52335cb7d8f489d67936dbbb3fde2e8558162586e51d4803acf831a469b6ff0b7c73ab5cdbdadbdf6b097da3d95cafee6f279802236de4ee8d0f95b891c11838e1b3f9f7ab7c6c9bf669d1fc4b25f6bda6df7893c4523ff006835abaea16ef2211f3ab1fbc1b79064c11fba6e8315f9be5b93c31d42787492ab1b2493b3bf33bb72d744efa5b5d0faf9c3d9d6954949b8fe0acbecae9d0f6bff0082af6b563f127c65e1f83c15aa6a93dcc7631fdbe74957ecfa346fb961b691b6aa8776c911976c64b1c019af10f85f0f897c1bf1a17c2cda0eb5a9df786b518df58b3d3b587be8eead3f7734aeb1861e5950bbf7b165254afcbdfd5bf69bf16f8abc45fb1ac767a368ba34575e2e92388fd96dd93fb2f6148edfe560c584a176b48ecbb3381939a77ec39f02f52f819f142db55f195f59bf88bc79a31d2611a7dec90c9a7496ff0032a302db7e74690a166f98c63d09af5b0b99428e492a6ece50528c52776edabd92b25ef6fb5b4dcce7879c7149c5bb595d35faf7fcf43a6fda8fe3c78b753f8c161fd8fa46a1e0fb3d26da3bdbfdb6f02c9afa82922dcc73c790430317209203b9e33c707fb43fed03ae788ae349fb45c5cc2d6311fed6b49254f275266400a4d19054c2376361c8209072791d7fed9ffb42782fe20dd7846cb459af75abebebe4b68cda8fb449656f10f2981f2d4bbf99e560c4a0e701830c0cf9278cbc7ff0fe0f8cd657175a9dd6a3a7dd2c6da95834524843a905b2caa0342a700152bc2f382093d992e1e843070af570cd4acde916dd975e8eefcedaa76e869525ef3e69ab2e9ebd0f0ffda97f66bf1635d49a8de686b65a56b36edaaf86a582348d502a667b1d8b82a1c29962e305b20637915f25ead22cb6fb860861915fae5ff0503f87963af7ec8fa2dcf82ec6f2fb5cf01baeaba44905db6ebc21c26444c3322a799b933c00995cf7fcaff8e3a65be9de319aeac5234d375c81356b444fbb1a4c37320ff7241227fc02bf64f0e788e79b6577ada4e9b7169ef65b37777bdb7f33f2fe26cb561316f93e196a8fd95ff8243fc20d0cc7f133c6da85ac335d26ab06936332856f2a282dd11372b8c6776154a1ddf391c66be8af8a9f01e3f1978bfc33ad58c31f8775ad255926ba8b6c8d347206c216e1f2549191b8e08dc091c7cd9ff0488f8b57565e26f177807554b1b3b38ecadf5b5132ab4bbe5895252cdf326219e1249c601c64e38afa9a1b6d52ef4fb14f1e7da9639b514d4acf50fb5452488d1a8f29b215542ba920ec0176b11800ee3fcf7c798ac4d3e24c44e4f964a4ecf7f75d9c757d24ada7a9f7dc3fc8f074e507a5969e76d74eeb53e4bf8c7a4f8bbc11a8dd41a8c535d58f88d8e9b7fa3417125a9b59e68a4431011ae7126d8707cd62a19c139722b95fd9c3fe09dbafff00c2e1d575ef1f43a1c0de2ab086eb4c8ac816b3d2d252b126e5c7eed90908a818850a49076f177c5da5f8d3f6a8f8e9e27d76cbc51a3f83ef3c3b7a96ba3695e61b99afae04a8cd2b8c6c8a2c1e59b200f40ac4fd3d75f0cfc4cdac5c5fe8f79aa6946cee4db5ecef70f29d522da76cb03e1d8304237700129c10412d18ac74f0747d8d3aa94a714e5a34ef68bdd7abd55f5bdcf71a8bb29fd9efb13eab6ba6f847e346a16f70239ecf57d316386eed916490c7086f2c1f307949bdbcd9762a9e8a47419f8c7f6bdd1e5f893e0ef899a8dbdfd8eaba3693710c169790c4f0dcba08d1811b82be4f9a1b20b0e33920815f477c51d0359f17dfdd789b5cbfbc6834dc2585d2db98f4eb2b60308fb5f25a566dd9902960f211d306be6bfdbabf6c0f06ea5f0bf56d1f4b8659cea104779e72016f697997914ab0e148451f749299098e40237cae87b6c752fecd4e6bdc77fe5b3d7b5aff003f2dcf2f06f114e939e3dda5aa6b64fb77bd969f9ad8e27f67ad32cfc79f13bc37753ea56fa5c7e1595d74fd1e1cc7a898043f2bdc6003e5aafc83921f8c71b8562fc61f117873c11e3bd5e4b1bebb6b9bdd3e46b6b6b4b2470247244904a0827cbc46a781c16cd713e10f1878a3e1bf8674af1f6bfa7e9e17c7f24767a16b13c81a6b2b48c9c9daa41f9949c064c00e06e3d07aef85ff0066941f10af3e24d86a3790dcd8ee89ac2ec0ba5592546c4110504ce76b2c84e3682a54961c8fba9e2a9504e9e2e5eec934acd34e49eaafbdaf7f3bdfba39f1156a3a0ea61e3cd38b5a6bb74fc0f43f85ff001062f12fc0fb3d7b4fbcd42dec75080436ba7c8a8d0cf7480830b9c0dd2c84aed0198288d8e01040fcebfdb23c4f6bf1075fb8d5ac74f8f4ab5b3d7352d322b54da56dd15e394202a003b59e4c71debf443e057dbf54f016ad7d77a4b41ab69f697090e94a8d1fdb3080c2890b828acea43b3820e71c6338fceffda7fc556be37d3ad754b5b14b08758d52faf04219483b0430971b005c16471c01d0d75785704b37c5c292d12d5a69db5ba4edbe9d4f1f8ca0feab4e53deff00d58fa43fe09aff001066d4fc5bf0eee9afa4586defee3c25afa35e9845eda5e879accca4f0e3ed2645c3704ede72457e9e5f7ed05a7f8eff0067bf1058ae916ba86b9f0e6fdf4df224b79608d19515227d8d8c824ed0461720004022bf0a3f63ff008b56fe04f122aea173796ba2eab10b3d466b527cfb45dcaf1dd45ff4d60915255c727611fc55faadfb3f7ed4ba2eb1a0eb49e3cd4356f157c42d174fd97f6e2dca45aa5b8905c5bcb02c47ca785d009165e187cdbfb0ae8f15387e32ad0cd25072a6e3c8d2e92bdd37a3d1e89bba6ba1e7f0b567529cb0d46caa5d34ddf6ebd52d9b3d8fc05f04750d774ff0e4de1ed161f02c7796f35ccb1cd6f27989238c9f2cc8c1b749b823b118dafc2e473ebbab6b1e22d3345559ecedecb515bd46d367b8b857c44e705c88c64ee8c364855c31519c035e37f0dbf6a9bff8f5f0824befb232c7676535b5bbdc5cf93a86b30c28048e9b90078d18aaf9d84c49b4ed208af893e287edff00e36f177c56bfd066f3b44b3d62392deeadf526f32d840ac5764454856931b958a900f23a74fc970393e3730aff00568b515453f8ad7d75b2576e4f7d7a3d9a7aafb6aca3cbed2afda69697dfd74b5ff1eba1f657ed01e2cd77e26f85758d0f50d62c6fb49d66ea3b7b086c238c8bd85632cf1b9720ef3e54819820552c7ef6327e12d7bf648f08eb91430b6a179ac476f240b6f13dcbf96ec4b2853c6d9162d85142ed53bcb67800f11e23f10dbf80fc316f6fa6f8a2ead7c4da5dcf9ba75e0ba11cf18d8c219597276021f054f3827a66be8af803fb306a9f143e1ae83751ebcba678c34fd23fb5677360f3db5dab73e697c9646924f37941c6cc85e56beb28e0ff00b0ff00793afca9eba26b5b6ef76d79ee9b2651a3888dd535276d5e9df63c7fe2bfc1ef03fc164b6f125d472795a744a34cb1b9977dba0707a4673ca821f208038e338ae6fe0bfed33f11f47d634f5b8b79a6d26ce7c5d430c8519157f78563284b3ed57c36091824600233c47c78d27c55e3ef8f1268ba9d9df6976f797bf66b06bab575b78d4bed4cf006d6036eec1eb923ad7bc7c4df865a97c3ff00ecc86f354d5af341b58a15b7974ab61b6cf015bed11b47f210acce6393279e09c8c57d166b5708a34e35dc6a4a6afdf4f2b7f9a672e1fdabe674ff007693fc4a5f1bbf6d69b58f8376fe2ab4d3750d27c4375ad88f43d31cb3aa318bcb748d88605377cdb49dc016c11918f8bff68cf1849e26f1ccb1c93473b69308b3964891638e5b9dc64b97555014033bc98c01c015ea7fb4a7c608f4ed5649ac750b89ec2d2e256f0f4130ff008faba395975265dcd8551f2273f33007b66be6c95d9a36c963dce4e727d6bf46e05e1da196e11d7853e595577f351e91d755deddcf81e23cd258aaca9f35e31d3e7d5953e1e7893ec6147623a57d57fb2dfed537ff000d3c47a1dd43ac7f62ebde1d8de0d07599143411dbb9264d3eef824db36e628f8262627f849c7c45e1fd54dbbafcde98e7a576fa478bb64415997f1afadaf87a589a32c3578a9424acd3ea8f9fa35a74a6aa537668fdd6fd9fbe3ee93fb516b2bfda7630e83ac786ece49dade6b9f2a7ba919a1264431138b7762cb9e8c083c8cd729fb4e7ecdb75e3d9b5ad163b66b1d2bc417a976b77a8dc426f74b78c7cf258327122342a1c0665c904a8c96afc8af02fed35e23f86525bff0067ea3335bda9fdc4466656b7e727ca901dd1e4f385383dc1af7ef82bff0005469fc1fe2fbad6b58b892faf2f6110cc9a886dc46f46dc278c11c2a0400aae5700fdd18fc3f32f0b31381af2c4e4f3bc77517bad6fbdf5d766fd0fbec17164274fd9e216bb797fc37747d1de1efd81be0cf85ac2c350d4352d7e6f10c768ba85edb25d12fa73a9c8472e060b310d82ca761cf18dd5f507c3bf8e725dfc12b7b7b7fb5e9969235d593dcdadc41025b5b024f97888ee4611ab7040756619ce093f09fc3fff00829bf82ecfc477da8f89ac63d75356be7b89ed1eeed8dbdb404e5638be55e321787520608ce0e2b03c75ff00056cfb3f84db49d0d74bd36d22bc925b78ace0590f92db88465550bbc67ef6ec920939ce2bc0c6f06f10e3eaa55e126d3567292b25bbb6cd6bf7e9d2c7a94f3fc052a6ad257eb6eacfabf4bd7b46bcb8d6bc4d7701d2eced5a249aff0055431de5c0dc8af234619e4f983a053101d4a9500015f3bfedf7fb67f87ac34b9fc2fa15f4d71a1de430fda3488982a5e491e31b8140f1440af38f99fd074af917e237edb5e29f1cc0618ee243b55638aeaec89268914103cb51f2c780480793ef5e73e11f0deadf123c616ba5e9d6f79ad6bdab4c21b5823065b8bc94f4451d598f615fa070e786b86c1e2238fcc1f34e3b47ec47b3f3b6eba23e6f37e2da95e93a34748bddf5b7e85ff10f88effc6dae4da9ea1379971200a005db1c48a30a883a2a28e001d2bd07e0ff00eca7e2ef8cf7be1e36f66ba4683e26bc9ac21d72fbe5b1b768a33248d263e60a154f38c1230093c5743f167f60cf1afc05f056b977e27fb1d9ebde1e96c4dd6890137130b7bb04472f98bf2870db418f0490e0a938207d0bfb11789fc77a67c21d2f50d735ab7bad27477b9f0ed8e8178ff6792c110878d4b636ac8d292144993b142fca3afdbe6d9e2a7867570b24ddedf3febe47e7b88c6a8d3e7a4d3e9ff0c7ffd9),
(3, 'Chicken Thali', 60, 0, 0xffd8ffe000104a46494600010101007800780000ffe100224578696600004d4d002a00000008000101120003000000010001000000000000ffdb0043000201010201010202020202020202030503030303030604040305070607070706070708090b0908080a0807070a0d0a0a0b0c0c0c0c07090e0f0d0c0e0b0c0c0cffdb004301020202030303060303060c0807080c0c0c0c0c0c0c0c0c0c0c0c0c0c0c0c0c0c0c0c0c0c0c0c0c0c0c0c0c0c0c0c0c0c0c0c0c0c0c0c0c0c0c0c0c0c0c0c0c0cffc00011080050005003012200021101031101ffc4001f0000010501010101010100000000000000000102030405060708090a0bffc400b5100002010303020403050504040000017d01020300041105122131410613516107227114328191a1082342b1c11552d1f02433627282090a161718191a25262728292a3435363738393a434445464748494a535455565758595a636465666768696a737475767778797a838485868788898a92939495969798999aa2a3a4a5a6a7a8a9aab2b3b4b5b6b7b8b9bac2c3c4c5c6c7c8c9cad2d3d4d5d6d7d8d9dae1e2e3e4e5e6e7e8e9eaf1f2f3f4f5f6f7f8f9faffc4001f0100030101010101010101010000000000000102030405060708090a0bffc400b51100020102040403040705040400010277000102031104052131061241510761711322328108144291a1b1c109233352f0156272d10a162434e125f11718191a262728292a35363738393a434445464748494a535455565758595a636465666768696a737475767778797a82838485868788898a92939495969798999aa2a3a4a5a6a7a8a9aab2b3b4b5b6b7b8b9bac2c3c4c5c6c7c8c9cad2d3d4d5d6d7d8d9dae2e3e4e5e6e7e8e9eaf2f3f4f5f6f7f8f9faffda000c03010002110311003f00f62b4bcdcce9f699d7cb382e8aa707d4e4115a8be1e4b854924d5b52b74fbcc7ce5191dbb71546d648f4d8d96558e4e8189c067fad66ea3e3b856ea0b3b3d3751d46f2ea54821b5b7512493bb1daaa8b9c9639e83935fceb1a73a8ed13fa2eb4e9c3c8b971a8594be25b7d1b49d4f5abfd6b50263b6b65b85c337f7e42232563191b9bb0ed9ae921f0fea520d4adf4f7babbd6b4c31c525b5f5eb4504b294dec914a130c1570738e77019ab9f0975ab1f09680dab496023babd8564604ab491286215723a648c9ed923db3378d3e3243ad324f6f6f235c4655954a1118d80f23d8f033ed5e6d595a7cafa1954c5ce4d7b2d95be6797ea1f117e336857339ff00842ed2c6d20255e639bc0bc0c73196f41d6bcd357fdb6bc5f6976d0cbad7876c6566c61ad769c06c11f33807a119f5cd7d63e1af1078cacfc2f78d63a7dcd8cb3c6f3a79522ab4922a90bf290d9ceee720e368c835bfe0ef8697bf17b56b1f116b56d36af0f84f4496fd9758b68849637930893c92aa0ef755865605cb05698e08e31d1465467097eeb9a493765ab76d76d4e1c666988c2fef1b8db6d53ff33e50f0e7ed5be3dbd9159b5ab09a3552a628ec95216c9fbc46ece71efeb5bd07ed25ae5a06e34bdd78dfbddba61227e31f336ee7f1ec2ba6fdb43f664d5be25f8fed75ef09e9f756371676623bd974ed3768ba90313ba42842b90985276f6ea7ad790e9b697da26993b6a57167a83d9feeee2104c17369ce01647ea093d4648aea8e573ad4555842ced7717f12fbb47f833ab2ee2cc2d497262a3c9e7bc7fcd7e3ea7ab5bfc6bd62f832cd6ba08e396fecd0a71f539aa37de3092f8b3dc48d71eb1dbc71c417e8428e3f1ae264f06f8b3c45a70fec5d16f2c6de6e45d440b823383db1804608383906bd03c07f08b5eb18a292eb4fd4b51996355f2e3b490091f9058e383dbb7e26be7ab518c767af6ea7e8146b53b732b5bbdf4f91f09f8e7fe0a65e2ad2ad259269b4790e4a8686356ce3d862befefd8cb4cd6bc1bf093c3f2f88a64b1f8ddf17b4d9e6d3163b50dff083e90d0e5ae190920dd488c99ce36aca88304b57e64fc26f0ce989f16f4fd6bc5d2db7fc22fe1d126b9aaa88f6abdbdb8dfe59240cef93cb4e3fbd8afd12fd93b55f137c59f1eeade3cd71becfae78cb4888695642e3cbba82db3f687545c00372b43950c18100630a6bf45a74d51c3ba9495a56766fa3f2f3fc8fc873cc529e22387e8b5692dfcbd3adba9f48f85b44d160b8b1d156ea0d5ae2145b499e109b269d554b3aa649f2cee18eaaa58296ddc57590fc3a8ac85bc9368cb1c11c859018be532005085ce3d4af3d73d3bd7c89f013c15e34bcf8a5e24b88ed2dfc3f0df5b5c36957178cd249a9ef77396f9d87ccc5ce00203a03c6dc1fa8bc09f10acfc55e3ad023d73c49035e5b7da2cecad61b792deddd8a2a392cedb199580f9c60630b80c093f112a51a70e7a9b5d256b6edff005b1d18aa939492a3aab3937be895fa7dde5d7a9e6bfb4bfc409be1d78675392dae748b7874b824fed0d4e29c2b58dd79c0c50f95b7049574c92c0654020e7238ff00895fb59b7c14d2fc21a0ea1359e8be1ff146ada71d72e6c0b4d1cd1c930f3cc927052143b4ee230e5f238e9e1ffb7068bac78e3e36f89a3d7b54b7f0e786fe1cdf7daeeace3892dace19e1918acd26007b99a491cf96af93990e368dc6be43f8b7fb4add7d93578ffb0b5cbbd375fbe7d492eee352fb56c93ca3193e460662caab6dcf1b78cf5afb3caf0b4a942d51f2ca57d3afdefa9e5e230988c6479b0d0738c777d2e7f42896cb0c1188caf9600c05fbb8ed8f6c57c7ff00f054af843672f82d3c49a7db451eb5936d218d7e6bc561f7187f167eee3debe31fd9ebfe0b23e2afd9cfe1ac3a6eadafe87ae42da4d8cda0d8eae59a3652db65db720ac823080908d92adc6057ae7c7dfdb5fc75f147e087872eefb4df0cd8f8cbc4117dbe2d3f4f59ee5347b67cf9449627333210cc5861776d5190cd5db8e50c147da576a314f7efe879993e578bccb11f55c2c1ca4efa76f37d92f3389f859f1ff56f06e95a7f87f56d775a8753d2e316d72d6f7cf6de728c0479b69c3c88a14193ac8832d9742cdebd6ffb42789b442b1af88bc410b360ff00c85e660e3df240c75e319e2be1db6f8db7de10f1534df1416f1b4fda6de1d4ec2d623f666ed1cc815582f6cf38e0f18afa53e0768fa87c59b0b48e1d634f6d3f4597c8925367e7bdc26034583dbe46e475dca473d6bc2cd654b11158ca0f47bf67e77efdfaecd9f7f93e0b119655796e674fce2deba755d34eab4ef6b9f1b7c30f89f6ff00173c7fe1bd3af74cd2ec74bd5bc4967a5dfc334df6986e6db6bcf323798a14711ae0e3a807a8afbffe1e7c5bd07c43a15df86ec6d6e2c556f1f40b248c9411cc87746c0311f28842c83af20f2335f8d9e39d6eeacfe074ba859b462f343f14d9de2b0f99466290467e9b97f1e95f607c29fda6f4bf8b5e1ef06f89b47ba0f368fadd95ccfa6f94de7698ff003096399c2e1232aeea921211e31c92d945faace32dab5302ea50e8a5f7db47fa1f19976228bcda34ebbb2728f5b697d753f4560d6bc69f123c0fa7f86bc3ba4e9b71e2cd08bdb6ab6faa0786386383acb1ede183bdc2c815772eddb8cf7fa67e135d786b45f0a687e22f15dde936fad786ec08bb92495372e1f3e63630aea4e32e140279e0e457817ec67f14ade1f895a9788b53f1069ba9691a4dbdbe81733a90d28b931cb72622df740daf090c0904a633c62bc93f6cdf8cdab7c78f1c6a3e1af0d5ad8dc697e2c64b3bbd511888ded21122ab228236a85639e832c48cf15f034630861a38bc4b49b4b497959dd2d3aad0fa5c66131388c73cb7070bc232b3946f74a5a34ded6b7f4cf0ff00f829d78a87c6cf89fa97c40d02e269bc0be2ad75828970249a7f29511f6c671227cb26d2a49e46796af9c16c04de1fb8d32485d6fb4e2d776d2f99be17121f9e35cf285861c7f0a85c1c135d27fc154be295dfc25f0e68fe10f0c69f716fe1bd1ee2293cd401dace58d4c6b2b28cfc9283229571b4e77025b91e39f067c5773f167c5da3e83e139b47bcbed5c137f1dcddcd0c70aaab1794c6b87daaa4e7079e9dc57af47038bc5e0ffb42a3494af2ed649eefb6973e9e867396e555a393d38cb9e168ab6b772b69d2eeeffe0dee9705e3dd09c5a5f4416192ce5d6256b446843232aaaf98572385f333c0e321bd2bef6f801f1aede1f0d5a5fdf3f9365e26b48ee20b929f2c332809b18f3f270ca31f74a107dbdb3f655ff827e7c37fda63c13378bbc6d776fa57866c67974dd3b49b654b3b97581b63ee6707ca40c0e1543162492dcd798fed91ff0004eef107ecb7a468bae7c1df1859f8c3e1d79f2db49a66a12c725f692d2c9bf126cc6f88b6edb2205604e086041ae4cf31d9667186fa8fb68a9d3d6cddafa5be5adbbf99e570cd6c565f9c62235a8c946bfbadc56b0973732b36acdab59aebd35b1c87ed351e9fe38d63568d7c8bab56b7584ba0f95c81c9f7e7bd54ff008247f8af57f871e17f1a5c48b0dde9edab247671dd3fdd5442198739dbbbe507b98d873835c7fed31e34d3be1b7c35d526d2ef6db5bbed3fcb89ac2495a299f29b9dfc95f9d57b857653b48393d2b37fe0913abeb5e34f0e7c50d5b58937a9d434f8d142f970c4db24db1a28e1552352001efdf26af27c8ab60729af3c435caedcaaf7eda9ee71571665b9a63b0580cbd4a52a775294959d92d55b7be977d8f1bd2be03c5e23d23c59e15b558fccf1169bb6d7648768bc8099e1c29e8cd875e3bb015adff04f1f85fe26bed6f51d3bc22db66d7ac1ecefe09595619e11d51f3c704671d4115bf73a4dae81a8fdaadf54ba5ba8675b8b79a2923dd6ee183abe42f5c8c8cfd2baff000af8a74dd03c5b73e26d19a1b5d0fc4572b16af05b9c378775193a3e0722da76e51ba2b1287eee6beff078b72a5c9cc7e359b61271aded392d738fbaf8a5e3afd983e265f7859b55bad46d5a78e73a35bcde64723a2b14257a6376cc83d40e2bdcb55fdb316db5af0bf8b3415874dd69758fecdd4f49d4d3c85d52df698c4222ceef93e62cfc1c8e95f2e7edabadea5f0fff00699b3d4ae2e7ccb5fec4b336f702431b248b210f9c63749ce4e770dbd46457a078934bd2ff006b8f0c3eb571ab5c69fe36f0c4b6c89134ccd63e592c7eefcb87fbe0be719c1ea4e7e673ecb70b5a74f11895ee34d392d6d7e8d76d77e8cfd1384730ab4b0752861dde71b3b3ddf56efdfb2ea8ed3c531cdf12fc6367e24bcb7b7d46e05c5d5a4ab2aee6b2b5725d21923e37c41642a461820da580e45777f093f67ef0bfece1f177c59e22d1e2b5b4d2353d1ec5ad720f9767bb79b8452492abe6c4a40c9f9702b90f067843e21fc35bbd0eeb5fb4866b36b98974f96d1d10491bab1b97689464365d014206e08e464d739f1fbf69987e1a7c52fec18ae21bad12f6f6dec2da3b9e22b992c56da59a02c71fba95e4783270030e48f98d7cebc0e2b1ea797e12aae4707a2774e2a49bf9a5a7cdab3b3bfd8cb30c060654333cc683528d44ddd2ba6e3256f4bebf24fc97d71e03f10ead06a3a8ea5a159f9da6eb5047335bcf7291bc13c8553ce084862af19078239da71926bbcbaf0e2e93e06fb15d5e9bdbc6862462dc4cdb586e24af190001ea723dcd7d3127c18f865f1a3e04cde38f06be9b2699756914f6ba84777b9ec791fe8f2c63e75923395da41c1e4608af08f88b676ba0687793db34cd6de6c325b4d72d869dce44814719550172481ebe95f8ce6b1c450c4ac26269f254b5eda3ba5a2973755d13b796e99f69c3fc4986cd25cd854e369a4d35adeeb4ebdf6ded776b1f257ed31a1780fc27e02f891af78b34fbc6f1226956d1f8655262b6ef772dcf9723320e1b6c60c83d3247615b5fb1c7c1f93e087ecc7a2ade5badbeb5e32b897c537d03028d0c73205b44381c1f214498ede7fd6b52ebf67eb5fda53e235aebbe281e67c3ff000b5da4f7aa1f035c9d4130d8467b890b9791bf8615ddd5d33ed571a169be37d726d4ef63ba8dafa53248d14c153278c2ae08550a3000e8a00afdb30b889d2c868612bbf79abbf257ba5f3563f2bc6e069d6e2ac563f0b6708bb26b673e54a56f477bf99f93ff0012b4a9b4c05bceb875964fef6ec7b023b7f2af2d1f1175cf861e295d5346b868a654314914d1f9905dc47ef452a11878ce3a1e980460806bdf359d01a7b5fb335bb4b6c8411919278eaa7bff00f5abc77c67f0fe69757f2ed55a43329648c1f9f1cf6eb81cd7da60710a32b4cf96ccf0719c3ddea6a78b3c7fa0fed55e19b9b0b9be9b48f10048e4b1b0bb60cb0ca9d52295b99a275e002448a40e1c024f4da0fc5dd72dfc0b1f827c29a5bc3ac34c21bc176eb1dc7905b2e0072012dc7cd9206d272338af07f16fc369e39268ded9fcf5e5931f32e3b91d87bd47a0fc5bf19fc349618adf506b886d5b2905fc4b7490ff00bbbc12be9f2915ecd6c1d1c5d38a8db47749ed7f3eebc8f03038caf95d594927692b36b7b793d6dea7dbde16f83bf1eff6f6f881e0af02f86ec752d3747f0379975a97896fe236d611c9082de72ff15c347082364790ce4e4807347fc150bfe09f17df0d7c5563a6a9d4279bc3fa558836d3b79b3c297108b973291c34cd2cad24a40c6f9980f954579afc02ff0082d4fc77f81b737371a3b58dc4d7b6ff0064b89a684cfe6447f83f79bb68e070b815d0eb7ff051ff008a5fb567c4bbdd635ad06c756f10eb72efb895ee255129db8c08e2da070000a3d315c74f0eb05492a318c797aa6bd5f9eef633c662b1d9b5772aadc93d6dae8ed65e5a2ea709fb3f7c77f8c3f05923b1f0dc7a96a91df1108b15339964238083ca219871c06071d01c715f5d7813e2f78ced6c6393e2db69ba1b03be0f0b691336a1e20bb2dff3f333b34361163fe7a2b4b83c264e6b97f86de17f1ff89f449a3b8bdff84663b90565b4d074cfb117cf50d303e6b0f505bb5749f0a7f66dfec9f197976b63aa5e4a5b7a0780c6b1b7f7ce7b77c9ebd6be5333af96d5aeebba10753f99c537f91f7193e0337a3875465899aa6feca93fbafbfdc7b3697f11ee7c6d6f6ab711dbe97a641118ecf4fb353e458c6dc95404966624ee69189676e5989e9db783ac6467f2e35636839c49f2f07d31fd2aafc2cf80575a64a8fa9dc61b2ac117f78c3ea467b7a57d05e18f86f6363647c985449200a25921dd9e41e39cfad7cde3b14aa3ee7d461e34f0b0518ab5ba23ffd9),
(4, 'Egg Thali', 50, 0, 0xffd8ffe000104a46494600010101007800780000ffe100224578696600004d4d002a00000008000101120003000000010001000000000000ffdb0043000201010201010202020202020202030503030303030604040305070607070706070708090b0908080a0807070a0d0a0a0b0c0c0c0c07090e0f0d0c0e0b0c0c0cffdb004301020202030303060303060c0807080c0c0c0c0c0c0c0c0c0c0c0c0c0c0c0c0c0c0c0c0c0c0c0c0c0c0c0c0c0c0c0c0c0c0c0c0c0c0c0c0c0c0c0c0c0c0c0c0c0cffc00011080050005003012200021101031101ffc4001f0000010501010101010100000000000000000102030405060708090a0bffc400b5100002010303020403050504040000017d01020300041105122131410613516107227114328191a1082342b1c11552d1f02433627282090a161718191a25262728292a3435363738393a434445464748494a535455565758595a636465666768696a737475767778797a838485868788898a92939495969798999aa2a3a4a5a6a7a8a9aab2b3b4b5b6b7b8b9bac2c3c4c5c6c7c8c9cad2d3d4d5d6d7d8d9dae1e2e3e4e5e6e7e8e9eaf1f2f3f4f5f6f7f8f9faffc4001f0100030101010101010101010000000000000102030405060708090a0bffc400b51100020102040403040705040400010277000102031104052131061241510761711322328108144291a1b1c109233352f0156272d10a162434e125f11718191a262728292a35363738393a434445464748494a535455565758595a636465666768696a737475767778797a82838485868788898a92939495969798999aa2a3a4a5a6a7a8a9aab2b3b4b5b6b7b8b9bac2c3c4c5c6c7c8c9cad2d3d4d5d6d7d8d9dae2e3e4e5e6e7e8e9eaf2f3f4f5f6f7f8f9faffda000c03010002110311003f00fc77f0ff008526b8d2adae65b3ba93ce811d98c52797ca83b832ff00faaaf45e05122c770157cb638190ca1fe9dcfd6bd23c21f6cbff0003e8b1c926a1711be9f084517afb5408d46301b81db1dab462f09c8f954b6bcea58b45772b6cf5cf2715e0cb155137a9f514f074dc53497dc7951f879720a8fb322c6ec70ec5f3f8534fc37bc4b9f9acd8aff7c670dfad7ac7873e107fc25fe2db3d2f4bd1757f116af7c76dbdad9c934d7321ea4055249039278e057d011ffc13abc55f0ebc32daa789bc1775a5d8e15c891dae1a3247fcb431bed8f1df79e3bd672c74a3f13378e5b74da868bcaff923e2d8bc02ec71f6238ee4a93c7fdf557b46f035bb4b20b8d337aa0033bd8719ea39afa9bc2df04747d43e22c3fda9a0d8c3e1f846276bab59e3919b7004091b80a149625558e3181f30acff00895e11f0ef87605b9f0ddae8b3471094cd6e6ce48b2a18ec0247662c4ae39c2fb8af2f19c5185c356fabd59b53d34f5d8fa6c97c3fccb34c2fd770b497b377b3765cd6d1f2aeb67a7a9e05ff000a72c6f4b35ada472242373279d8671fec92c3a53f53f819fd9902b369d6d2a938c5bdd79ec47bed635efdf087e0d78b3e2ce93a2c9e19f044fae437c5eedadecd09b98614ca96919d92309904825b07071e95b9f147e06ea1f0b0c2de22f00c9a4db3aef133a79c90927f89a1242e7d08eb8af43ebb3e6b5ff13e5bea74aee2e3aa76d8f9a20f8356332c7bac248e43fc259d723d7ad753e0bfd95e1f132315f0edccb130282692edada346ea0e58fcdf415eb1a2ea5a2ca8218ecf4fb7f3be5deb12f9ade803315233d3907f1abbf67b53700d9e9ba6c90a91e623212c5b38e55cf07db8ef572c4d5e8ff165c7034bb2fb8f16f875a15db7c3ad0dbed53396b08084237040635e87b633deba3d134e7d2255792e2c64d809792eb704823fe26255890071db27a77acaf017c4eb3d07e1ef87e3975a9a065d3ade3645d25db69f2d78ce307ea3ad7e817fc138ff00e097ba37ed39f07e6f8b1e2e86fbc5ba323bcba4786dc1b48f5bf2490cf72c006688b021634c127249c605618cadecd4a73d95fa76d761a9a8d2bc77b19bff000460d4b44d464f89266b6b5d3fc5525dda5b5a06389a6d38c064f932cc46f97733a824ed58f20815f5b586a3e21d13c1dab2f8d34bd2d6e2f267b7d32c34b325d5c6a2183058163c1323371b40cb10c7705c62ba4f16ff00c10cfc07e2efd9fedb50f01786e3f00fc42817fb720b582f666b09ef0200217591d8c4cc8ab19954e54e490c320fc5b67f1b2eff00614f840da868f15f2fc6ef19c4f3eb5aa5fdd35d4be15b166c2e9d6bbb843b46e91d71bdce33b5403f279a66d86c3d3a78c9b92e7b72c766db5b34f6b2d5bbe87d370ee23158a4b0d423ef42f777f75277d64ad76fb5b7395d3ffe09c3fb47f8f2eda4d4edf41f87ba34866be5d33c6de22b7b397cc66455531af99320588100305218f23935e5bf143f66fd57e16f83750ff84c639bfb6e39cc5059f87a75d42c6e6041ba59fed0177152015550a18139ce2bef3f835fb262f8d3c3e7c43e34d5b48f104de29877c4baf6a7b4db44e0147058865936907e42073d40af9aff0068bf8517dfb30fed0179e1dd0fc40d73a5e92a97315dace4dc5ac8e372c44ae15b69fe23ce36f7c9afcd69f1ed3c663a4ebe117bbd5f32e64ba277b37e4e2afd0fd1b29c8b19430d3cbb0398c95d3972a516937f15af771d7b3df5dee7d13ff06f57ed67e03f13fc11d57c03a85e69fa7f8e1b5176d1a4bc64b79754d382858e2b7624132c2a9f320f9b6bab72326bea8fdbcfc3de1bf127c08d52fbc6d6b69a6dbc70bc42e2f4471cb100c5372b8e0ee5e76f39e0119afc31f1efc26b8f15fc61d3dac21b3592e84e65b64430ac33361cce0a0ca82158971f700e0715f707c2ff0081da5787fc0773a5ebde2cf1178e7c471e992e99796d34fe6586872cf1050d0f9de64aed12480f9b208d55801b491c7e858ae20cb69d1a78eab5b9233d54777bd9e893d9e9ad91f93cf25c7d3c4cf07c8e528b7af47d9b6fb9f147c2bf0a43e29b08d6e74a9edefafbcd780c92295bbb747215d57fdddb907382491d38f4c93c28ba058b446fbeceb703cb78cca1548cf208e9dbae3e95e9facffc13e7c17f0d74f6d5b45f136b9a8c76b349231bb789dac098ccbe66e8c8df19c10ea402ad9ce7907ca616d5bed324573e11d424b7595915add119be52467697041eb90c78af6b2dcfb099847da6127cd1ebd1af54f544fd4f1143f778a5cb2e9d6ff347cc7f0ff4d826f036820c6b9fb05b8cb49c67cb5fcabfa11ff82375e472fec49f0ded982c51ff0062c32aaaae0abb6778fc1c303dc106bf9f9f873ad359786f41d2754966b4961d3ed98dbc90a79855a14742323eeb290411d41afd45ff00824c7ed9b75f0e3c650fc29592d2ebfb67507bef0dadc4de47970cf2b348bbb07722312db40dc039c71903d6cc2a4935a75679f52364a2fb5b5ee7ed3442dfc3de1c9ee800a161662f8ebc135fcd87ed476faa4bf13fc4f34927db35ad36eee2cd9a47dc92aacec4fb7cc98238cf38afde6f8f5e30f125b7c19d6ad6cf55d1f49b85b090c9a837cc961185cbc8324a8c28382fc0ea6bf0a3e212693e56bbe30d0750935ad324bf9e016a4ee9afa60e774887820bf2f93d8f3c9af8fe26c3bc6d08cb0def4a9bd17477d1aedf89f41c1598c72dc6c9e2b48d456bf6b34d3f43eaaff8273fec8bac7c6cfd9ef4ef1a78ca3baf105d6bf652dca4d331be26dd0b476f68070eb88d558e186370181c834bfe0ab3fb3cf82fe0c41e07f10a95d326d7fccb6bfd225824669762078a6f2f39570c421383cedc80466be64fd997f6dabef852d3683f0ffe206ade1c1792b3ff00665c3ca912498cb797bbe4edb8907920d743af2f883e31417de36f107885b5cd426b24bd8aeafee3ed173a8a125144118c88f0c093bca00391bb383f924b87713fda4f111a7352937a34e2acd5ac9bd125a6baeda1fb161f35c351c42c654c741d082768c756eeb692bbebaed7d1256384f85be2bb7f047ed3be1abcb8d5aeb475b1b69a16bc8d0c8d15d4b0ba42ac33c8c8248ec149cd7d6df06fc7172741ba9ae25b7f3218d74d93cc802cfa87daa53e4b4a09236aa3b120655550fca719af8f3f686f825aa784eef4bd3f47f137d8d63d597c5697cec61bdb288da808091f766c81d3bb0c60102bd3bf657fdafb4bf15e8771a6f8ab4996d7c4de444351be8ef07913c09b919e388a6f8650bb1484dcadf33656bddcff00847133c1425868fb47149492b37a4afa2ddab37b5fa34ba9f0ef8a70d571f5675d38a6ef1be9d3affc13eb5f01595ae89e2cb1b3d53c2efa4e9faca5e4721bc018b4116d5cab1e446fb95c91b5577291c015f17fc49b3d2bc11f13fc49a158de6b5a858dbdf388ae85acd12c838c81c7cdb4fcbb9b1b8a93debd23e36fedc5e01fd9afc2b1789751d51b54d7354f0b36936fa4c0f24c2fe2824f93e504490c6f94c990a92215c6ee4d7c47e05f8d1aa7c7e87c43e2ef113dd35debdabc8f6d14cc6e36c4a4044de4f23391b40c0c002ba7c33e1bcc30d8dab8daf19429b8a8bba6b9a576ee93bbd1595fc8f2f88b34c2d48468529294b7d35b2f55b6ff0081ec3f187e12f863c61fb117c36f1f697a0c76fe37f0eda689a65c8b78c97d4e092da3401e350c5d836194e338dc324631e8bff04bbf84fa17c70fdabf49d63c6b36b1a1df7c2db437f67a6c2af632ea171e7030f98080e90a00c5b6e3710a32031057f62bf1c58f8d3e04f856c9ace5d3f54beb3b7d2ee84b28650f69668f12a74c7991799203d4ec23b5637ed89e36b7ff0085c5e1ad474db968759b2d26e2d2eae219191e7b57655589d9792b9120c13c82457d44b38c64f193c9945c672e6719f45bbf92d37eec78ee1d87d4566155ea9c6f17f75efd5bfd0fd16f8ebf1b3c49f14fe17de7819b55fb569fe26755bb36b6d1b4975a7905cc224183b5f6e0b2e4e3233cd7c73a3ffc127ee3c177979358fc469a386667ba16f3696d1c764ae418e424484a314ecdd42e7a62bbff00d823e25dc7c61f843a6d9de5e4361ad78343692a6d57cc49acc7fa99b2fca38465e3a663c8279c7d53e074b5583fd1960bc8f51856196456f3a4ba458c2b10e09419639ca124f19c678996331d85be1dc9dd6f7b3bf9dda7f79e22c3e1ea3557974e9d19f19fc3eff82405c69dab34f1f8ba1b4b9745925964d35d60732161f29de727e524e0000609201ad5d37f652f1afc0af0fb6bf6fe1fb5d5ad6dd8a583de48ce63650c17fd1df0cc324b2a6083907041e7ebff000e9bad0a2b9fed08ae2e1f4d0d2d9b99b7464b6dda5c905b7e5c855209e092704551f12f8adef3c376d6ed757b1476d7267ba60c64cb02141d9fc4aa0b607525727eed2fed8c64da8ce575e6bfcadd83fb3f0d07751b7cfe67c2f73fb107c4af88be2d8aef5a6d26592fbca9af1e7baf3ae1164e5b28aa177a9f9482c02b6064715d978cff00e0937e11f88df02350d6f4892ef47f1478574fbb93ed77571e5dadf6d0640cea776d68c653e4fbe0a9e48afacbc35e0bd4b5ad52cefececfed936a3e4db9f3d3c9802337de60320796bb48072c4b0e7938e27f6f5fda07c27fb26fecc3ab785741bcb6d4bc457960da161270446704ca0e4ff0872d2367e40ca09dccaa74c3e3310aaa8d1df4d175f9062a9d29c1fb4b3fc7f1dcfc57d6fc03078bef74db548da6bfbcdaa51c8f9948ce58f65c0393c700d7abf877e1f43e0fd02d74f86eafede1b38bee8b6b5da0f2d9cec2dc924e4fe66b13e1b6911f846ddb54ba7b869ca1125e5c5833c318e8110a9dc14e7fba377b0e2ba6b6d6edf5fbe93ecbe4b5d11bd8269d2e245033d598951d719ffebd7de42f2f7a7afe478b429aa70b2566dfcffccf58fd91fe1b4779f0165badb86b3d0347f11c3222960935b40a19b38e3316e079c7415e53fb5d99a5fda875a57f24c5269b617366048215f21a01809c0180c1f81dc9afb23fe09efe00b6d5bc03f0f74fb876fb378a3c156f620b00f19592cd030071d464f239f5af9d3f6c3f08cda7e9be0fd664dd1de586816fa75db84dcc594b46a738cf122804f3feb0fb5787568aa39bad356a567eaa2fff006d3f59e20a6ebe0bd84778a84fe5cbcb2fb9ab9e5df043e2f6bdf04be295aeb9a34968d716393f67b8d5d6186f10e77265486efc11c82323dfef6f809ff0534f06ea1a2c7178a2eac7c3b716bb92dede6ba8192147e5f95daac0762a5588c7c80f15f99d6daf4d7f77334f346d267073f3f207383d6927bf9bcd8d63b8b5336edcbb9000a47b915ea62f29a78a4bda2b3eeb73f32a78874d697f43f6a34df8d3e0df8a56b6f358f8813508dee16ee016cb208996250c854a2b062e7009e70a3070456878c7f6a0f847f0d4b69fafeb51e9ad2335d4fa86a6d146e1986ef2809dd58e47188d40e7d3afe27d8eb3ade8172b796b79259dc65944b657062903633c7964377aa71cf77addc26f9249ae6ea43ba49e3dd3c87a1cb30cf6ebcd78ff00eacd353e6e7d3c96a692cc1a872d8fd29fda3ffe0b63e19f06f83afb49f87b6f75aedf5c0558eedaf56c6ca0604924b28f3642df293e588c7ca0090d7e727c69fdaa3c63f1fb5efed0f126bd6f765176c36b144b1dadaa6e2db52203182493b892c4924b1249aa6349d474db3f3aea392086494c3e5fd9b2c4838c7a9eddbbfe35a9beea1d3645924da9192c639155481c743d3dce39af6b0396e1f0cbdd5af77b9c352b54aaecce37c3de2eb8bbd4678e531cb0b100b6efba3b6063afd7a7bd7a27877c59a5e831c8d71790c6b22946f25e466607fbdc007a771803159fe0df107db661e54d1daaa920870719fe86afea9e2bd5bfb5d6de4910acc70b87652dee303b7f5af41c95ad131e593f7a47ffd9),
(5, 'Fish Thali', 60, 0, 0xffd8ffe000104a46494600010101007800780000ffe100224578696600004d4d002a00000008000101120003000000010001000000000000ffdb0043000201010201010202020202020202030503030303030604040305070607070706070708090b0908080a0807070a0d0a0a0b0c0c0c0c07090e0f0d0c0e0b0c0c0cffdb004301020202030303060303060c0807080c0c0c0c0c0c0c0c0c0c0c0c0c0c0c0c0c0c0c0c0c0c0c0c0c0c0c0c0c0c0c0c0c0c0c0c0c0c0c0c0c0c0c0c0c0c0c0c0c0cffc00011080050005003012200021101031101ffc4001f0000010501010101010100000000000000000102030405060708090a0bffc400b5100002010303020403050504040000017d01020300041105122131410613516107227114328191a1082342b1c11552d1f02433627282090a161718191a25262728292a3435363738393a434445464748494a535455565758595a636465666768696a737475767778797a838485868788898a92939495969798999aa2a3a4a5a6a7a8a9aab2b3b4b5b6b7b8b9bac2c3c4c5c6c7c8c9cad2d3d4d5d6d7d8d9dae1e2e3e4e5e6e7e8e9eaf1f2f3f4f5f6f7f8f9faffc4001f0100030101010101010101010000000000000102030405060708090a0bffc400b51100020102040403040705040400010277000102031104052131061241510761711322328108144291a1b1c109233352f0156272d10a162434e125f11718191a262728292a35363738393a434445464748494a535455565758595a636465666768696a737475767778797a82838485868788898a92939495969798999aa2a3a4a5a6a7a8a9aab2b3b4b5b6b7b8b9bac2c3c4c5c6c7c8c9cad2d3d4d5d6d7d8d9dae2e3e4e5e6e7e8e9eaf2f3f4f5f6f7f8f9faffda000c03010002110311003f00f9c6fbe18acb71e63428922b72caf8cff4fcaad6a9e108d6cf6eeddc00368dcd9fa8ef54350d7b5092e1636f2f2dea79fd062ade97e239b48666b8f324257eea9c6dafcbd7b6dee7ecd27476b18ba6f8123b2d5219ae7ce6854f2aca783e84ff009fc2ad78ebc69e17f00cb1c7a85f7977463df1da29dd248b8c8c2f38cfbe2be82fd8e3f669bcfdaa35db9bbbd6bad27c2ba7c9e54f709b566bb976eef2e1c8ea01059c676e40ea78f7c9ff00678f851f097e367847e1fd8fc3df0acd2f8b74ebfbf9afeead7cfbb696031e09924dcccce0b962c7395ebd6a961ea545cd376d6c8f1732cf30d8192a6bde6edf2bec7e6747fb4347e22b8b86d3fc3e214855fc996eaeb66f603396ce383d3dbaf6ad8f0cfc546f131d3e19b4c9d575255303da4f95232417c372578e08c66bec9f8cbff0484f87769e288fc4510f14697a7aabcb71a7695b24884a0119c4aa76a382df2af19e70324d713e10fd8b3c0fe08f8ef62be14d4fc4b716ff00d9e2f6f575348a36b08f7ec8a38f60fbc76be58e76aafcb82735cf9e66d0c9b2ea98dc469186bddb6fa2f57dce3c0d49e618b8c2127af4b2b591e57a9fc3c6b7ba48d754691990498311ddb0e704a3720704e48c715ceeabe02b88564306a28c8c721bc90b9fc4026beecd5be15f8475dd364b7bcd06cef17e5dacca7cd8c8030525cf98a7be436735e27f1f7e11e99f0df53fb5dadab8d1eea30cf234a4b44c4ed0cd8e0648db9e06718037003e2783fc50c267f59e1141d3aa95ececd492eabfcac7d562b2796195e6ee9f5dbef3e59d5fc0faa441961ba8e639c30751cfd770ae7752d1f57b55db35adab28e466dc00715ef57969a6cadb4965ddcb0f38953f9d64dfc7a78dbb1a456eccb2e3a7e75f7d2c559edf819ac2f6671ba85c5f4b77feb635527a32f5fd2a5d223bcb4d5fcc91669e3c1f9038018f65c1e79381d2aa6a5e20bccf0de58650764d19ddc8ec2ac787bc13a978bbc51a2d9af9364fa85c2aacd24842b4418349c7f0e17927d07bd56618afaae1ea5795928ab9e7d3a6eab5085ee7eb17c18f0ddafece1fb367876cf817565680cbf29c4970e0c931c700b6e3dc7200ec2bc77e2bf8d21d6ff69ef82fe26bcb86b5966bfbed25119b696125b392e7eacca0f6e571debdfa5b35f893f0bad64b1ba12fda2da1bbb39244df1b8d83185c80dbb79c91cf4f4af1fd53f63af167c48b5bed4f5ad62dee35fd2d165d0521b6f26c74a923903e00dc4ee931867249c7b002bc3ad86cce59bd1a94e5fecd18eabbbeefbbdacd1f0f8c853ab87a8a6bdfe6baf54d3b7e07d0573ff131b1b883ce477bab630b295daa2560429e9c8eb93e86be53d4b445f0a7c72f115a2b3f99f62b7b7326c54cc91eec9c0e8b8951b038f9b83c66beaefed0b8d2ec21f317ec72c502ccf14b2168d7850543fb65f3d4e003c735f167ed13e15d6be14fc50d33e29f97a9ea3e12d6b4b92d75936d992f2c6e19ccb6b73e57478cc4e10afca76a9c12ca149c7992d4ce325a981a1f13b357daeb5b7ced63d4e18c5c70b8d556a6d6b3f9d97e07a0d9adc4896aaee6410a00e7a283ec3ea58f7eb5c1fc5ef13d8bf8ebc17a0eacb9b0f175edd68fa8c064dbe65ab459120f78e448e45eb8655ae297fe0a03f0e6ded6ea179b5abcbcb62236b2874d9a792ec8f97f7400f9831e878f7c01595fb417c31d4bc75ff08dfc6c9a5d52da2f01de241a8e871b0658ecae4e16405792e5c2a39c9c1c62bf07f0d382739867d0c6e268ba70a5ccdb7a5f46925dd6baf45a7747e8dc479a61a18395352bca564bcbccf21f1bf844f83bc61aa687a94ab1ea1a2cef6d38202a92bd197af0c30c0fa115c8de8b56dc5648e463e921cfe3cd7ad7ed65656de21f11785fc490c92c5fdb9a4fd92e59e43b5a7b56118238e7f74d083eeb5e1fa9dbe9f68ee26bcb7593b8580b367ea4819f6afe9e9413574cf97c3629ce0a5635bc63e27b8256492e2f2c5b68c11097dddb1c1047e9581e32f16ea5a0e832342ed348da7cfe54a18c72c6ee36e72492319c919e4035e8bff0955d69d671c10d934d1a2e3684057a7bd72bf103428bc5fa5cf733b156820da2340a1530eac73f519007b5797994a0e8f2496975f9a3b2309af7e12d75fc8fd4df809e15d6be17fecc1f0cf52d52da4d43c3f7fa0d9cad705862c66118dab2e3a291b4a31e0e181e40cfabc9e328dec375bc864510f9d348eb858c3e5400c48c838ed923f5ab9e15f895a5f807fe09e1f0d6f12cacf51bcf10685169d6160e9859982946964f558c1c91f41df35f0bf8ff0047f8897ba8369ba5f8b350b7fb6c53ed82d9235259183af94f8dc802606064e24cf03358e6bc4183caf131c24db6dc53d3a26aeafeabf03e6b0791d7cc212af16a3adb5eafadbd0f42fdac7f6adb27d597e1bf85756b2ff849b5c923d3ed6d90efb8b38481e75d4fbb1b10296e3a9c8c1209af9e3e28f8df52fdb967966b8d4b51d37e0bf85f3a6e896104c6dffb796dc796d7b3be3fd5964f94138c0e31c936dfe0af85fe0b7c0cf8c1e3186f351ff84ef54f0e11a7cb75379a43dcbadacafbb717593f799da588da8b8db82a3d4bc0df0d2d3c1da3786fc2f143143a3e99603cd1b41536f0aa44148cff0013b67a7215bdeb9730ce29cf012c5c2f65d16fa3dadf77e67d6f0de534f0b88729c6f25a45bef6bb7f958f967c35fb25f827e2f7889f4dd3f419f48b8684b6877164e6d26f30c6cde6bcfb8b8ca2ee0a3200ea371c57a07ecd3f12f5cf08f8775cf87be2ed51f5ef0ef8cbc3b7b0f87f55ba39ba4b8853cefb14ec386915e30118f5c8e486007b668fab69b6ba7d8dbf970b5ddb6a13c4be53056668c80fb3d1395c11c7cc7d457cd3a10bad4fe1d6bd6da843143ab59dd5c6a3f6648fcb6b19e09de4daa074fdd0950818ce41f4af87e1ee28c5cf14dd66d276566dbd1a76b5d2b5ed67d2e7dc66590d1c661aad2aaaf2b7345dacd35a7f5dd1ade3c4b7f89dfb21fc38bcd3d9b4f4d2f5a9ad8cf22175b80d0b891b19f977988375ea0718e2bca750f86b7b24ec46aba5496f18e9f674f33776cb143db15b51f88ae1be0f5a681713f99258f897c9b53631aac01228660e38206f04a16eff00373cd67df688b6f26e69b516da790197681f9fea6bf55f6924ac9f7fccfccf2fa30706a4ba94f53bab7d1ecad6e19618ed6e088e32f33c92dcb0eb8fba0281d4e39ec3a56df82bc247e206a5a6e9bf6a5b75d524dd15bc5100c4005599883c91b81c1cf0b8e6bc7351f1adbea3696a86eaf6ebec84f93197c007d81e9f9d6e7c2df8ad07807c73a66a9f61b812db481cec46caaff174f519e9578cc1ca746518efd3d77414f1093573f463f65df89cff00123e05f83b47d49676b8f03dc5e6871db94dcd1ce93b331087a6148249c0f9549ce00337f61def8660bcd41aface19d6472e6299e48d243b9564f31b059cab738c00d9efd26fd9eec2c87f6b6bf6b3c30aea23fb76458f931492c291cd85c8dc5c4717d189cf5a9e1baf1478bbc517fa7b5a1b5d3ae183406de355910057c3004306560171c73b8e01eb5f81e7388a92c754ad53e295adf2495af7e96b6dd0faecbb0ea1455386d1dfef7f9dcf20f8ff00e1f6d5bf675d7acf4b16f71acde413ddcc557ccfb5791179d0089f0a3694456da8bb4648ce062b07c1bfb46daf8e7e3f436306b9796b7570eb3aa5ec4b0dbbe9f204f2c5ab9ff59f2956caf3ba472718af7ed36cb47f09f8c608fc41fbcb4b9927856078fce698491046970318089b816c2e4bc6381803e5dd774ad0fe1a36a5f0bfc7b6626f0a0b879fc35ac3a98fc88a46252312fde88824ec6ce30769e473f59956573c5e4b39cd35094db56f2495da7ba4ff00136c3e654a598ac2c6569c637d7ab6f55eb6b79db63dd9f4ad27c0df15ef2f8dad9dc068636b089a526399cb2a3bae0e55ce158a81d40f6af1af8d579a6f86fc61ad6a1040aad78b7b6139de02cd3bc6628c63aee05c29270dc1c8e01ae5b57f0878f3c1b3aff65f8aac7c49a22b0951756610dd45e87ed31e0631dce3a7e2785d13c3937c40f106b5beea4b1d234191f58bcba9afbed567e6795b4ce182a9c28dc471876e7e6084d79991e4138577527352b34dd93efd9edaedbaf33dbce31d2c3da7cad3b35bab3d3fabdcc3bbf1230d5745b39a4fbd35eeb02344cb289e5f2e2002ff00b3131c11deb4af45c4c8f23c53226370321f2ce3f123f5ae5bc19e37fb4c37daaac29671de304b62f1e6e0c0bf2c619860aa841f757049639352f887c4f66fe2286d6c648a3b6f2bcd9ef194ac93c8782bb9d7e55c76181d2bf65f60e318c25ba5afa9f9661ea349b5dcc996ca32ff00bbd3da0973f2b1076e6ba2f049d42de59bed16f0ef519560067fad5e9b54769a64861b84db9fbfc823d877aad6779a91dcb1ac9f31c0ff0047e9ed5528b6b53b23522b63dafe01fc7493c3d2c3a6dfdf496aaf237d9ae2290c6b096ea18b0e87b039193478fbf6b2f1b7c0bf88f6fe22f14688daa785ade48ed93c51a7dd4d0bac6e48225b3438057392030462ab9c0c01e2bfdb1790dabf9d0b4cad9f9e6431afe39af47f00fc56bab8f039d16f1edef34f1846b66c48c109c900f208e380738cf6af99cc321a52a9f58f64a7de2faf9a7d3cd6a9f5475471152a41d284dc5f75bdbb6bb9f52fc37d6f4df10dbc9aa69be29f0bf8bdb55db38b89ef96d6e204c710082420c6a073804f24924e73587e30f0df84f48f89937897c71e24f0d41e1796ce5b56d28de43a85cdc2b6388d1323048538240e2be23f8a7a5dd6937d70de17fb3e9f697120964172376d909390a0ee0158705401f99ae4b4697594b969350b7d5269a3cb4421b7e0b1c720b0451e83d057b34f1752141c30f87b696e5e897a6c7cdcf2b72aca556abdef7ebf79eb1f11b42f0efc6af89d2d8f81f476f03f8363001bb1199efaedd5b910c6e4a45bb3cb6de0050a01c9aadfb407c51d2fe2259afc3af8758d2fc2762c835abf3f34bab4a98fdcb49c990865f9d89e7014719ae463d1bc5de31d256c1d61f0f68f2163379136ebebbddd55a518d8a79c84e4ff007bb56858781adfc3d609696b690ac300fbb14817f4e6b2c0e0254aa47118a6b9a2db515b26fabeed74e88f62b62a75a1ec629f2e976dbbbf25d9185a9681af69b185867b3b848f002e0703b7d2b98d6eebc4168acb242b26e39250e327b7515d76aba76c948696eadb938f97767f222b0ef63bb8d0edbe8df71caee56076fe20d7ad2c55fb18c70896d73fffd9);
INSERT INTO `items` (`id`, `name`, `price`, `deleted`, `image`) VALUES
(6, 'Veg Thali', 40, 0, 0xffd8ffe000104a46494600010101007800780000ffe100224578696600004d4d002a00000008000101120003000000010001000000000000ffdb0043000201010201010202020202020202030503030303030604040305070607070706070708090b0908080a0807070a0d0a0a0b0c0c0c0c07090e0f0d0c0e0b0c0c0cffdb004301020202030303060303060c0807080c0c0c0c0c0c0c0c0c0c0c0c0c0c0c0c0c0c0c0c0c0c0c0c0c0c0c0c0c0c0c0c0c0c0c0c0c0c0c0c0c0c0c0c0c0c0c0c0c0cffc00011080050005003012200021101031101ffc4001f0000010501010101010100000000000000000102030405060708090a0bffc400b5100002010303020403050504040000017d01020300041105122131410613516107227114328191a1082342b1c11552d1f02433627282090a161718191a25262728292a3435363738393a434445464748494a535455565758595a636465666768696a737475767778797a838485868788898a92939495969798999aa2a3a4a5a6a7a8a9aab2b3b4b5b6b7b8b9bac2c3c4c5c6c7c8c9cad2d3d4d5d6d7d8d9dae1e2e3e4e5e6e7e8e9eaf1f2f3f4f5f6f7f8f9faffc4001f0100030101010101010101010000000000000102030405060708090a0bffc400b51100020102040403040705040400010277000102031104052131061241510761711322328108144291a1b1c109233352f0156272d10a162434e125f11718191a262728292a35363738393a434445464748494a535455565758595a636465666768696a737475767778797a82838485868788898a92939495969798999aa2a3a4a5a6a7a8a9aab2b3b4b5b6b7b8b9bac2c3c4c5c6c7c8c9cad2d3d4d5d6d7d8d9dae2e3e4e5e6e7e8e9eaf2f3f4f5f6f7f8f9faffda000c03010002110311003f00c9f855324b6b0ae3707e579e4e7b9af64f0e69c1a38d180dca72307ef0278fd2bc4fe134917970fccca54023032bd33d7d39fd2bea6f80fe02f0edff0081358f1678ab52ba8ec74e952cacec2d6411497b315dcc5a420848d015c90392df407e6e3149dd9f713d12f922be9f6ed042c176ee51f74f4273cd6b47b3627254923807f9d3f4ef8a1e17b09885f07fdb51892a92df5fb1c7b858464ff81af4ef833f12fe1bf8cadfc40baa7843fb3e5d02c7fb477417772eb3c63194db215656e46091b4e08ce45674f32c1ce7ece1562dfaa7b6bd0db1197e329d2f693a3251eed3471b612799090cc1828c90c33c54cf21883371f373f2f635d0db7c558ef616b8b6f85b6a966c7f76d7334fc8ed93bd73f954737c5e9ad619a66f857a0dd4566be64d1abceee5719217f784e71e80d79ab8b329eb597e3fe44ff63e35fc34d9cc5ddeaca7f87a638ac0d6e3627fbcae0f7e40af74f1cf8efc1a3c0ba2eabe1ef05f87d62d4acc5fcf36a114b22c0bb8a18c2a1c960cad9638006dee6bc5f53fda4f41d72106cf41f00c91b4d25a09ade1b87433a282f1865908dca194b28c95ddcd7a95b34c1d282a92a8acd5d6bd1ea9fa799cb470789aadc610774ecfe5b9c178861572c07cb8af2cf88766638650cbb94f727183ebfcabe90d7adf41f893f032f3c49a5e976da4ea5a55dc31ca2c67692cef6de52ca2550c49521d1948cf054f5c8af03f1cc71490cac5773a29ea3b7f9e6baa8d68d582ab4ddd3d51a38ca2dd39ab35a33ccfe18eab1c8a9f2ec3d1b033bba0f6f4cd7d81e08b5b7f0cfc25f02fda83aa5fa5f6b7923867572b171dcfc8b81df8af8c7c049b235914069147ca71b7ebc75fc6bf4635ef82a975f0dfc0370d25bc2967a03e9c44f7290ac64bee12297c287c8201c82303debc1e21f6d1cb2bba29f372db4f3691eb64d5294731a3ed9da37bfdcbb9e6ba5f8dd9d2e1ae21f22686232437af1b4905d8653b4b1562d8da46e00af25b9c62ba9b6d523d5351b922d52d64b8d0ee2c4c8aa02cd11bfb10ac98e36e59979e721baf539cdfb3fdaea376a66f136916725bec9eda37d6ac55639d4738f9f0d1b8e0c6e08c1e31c576be05d17c26962abe20f1d7806c7c409a72c5f66b4d66d5e2b454952667621bee968d070300027d057e2f9164d8eab59d38c5eb19eb6b6f16adaaeadab2fc4fd3b3ecd3030c339c67bd95be7db5baeeff000d8dcbfd5631a8c9630c72318115b20614e49181cf6c7e1c5456d7172f7302aac5b4ff00ae569373004e370fa63f124d451dbe82f7b35e8f1a7823c9ba882aca9e26b331c8b9c871fbce3bf35d1782bc130f8c4c93691ae785f545b3c2cd2d96b16f726207a6e31b1c7e3d6a70f9563d2e48d2937e9a9f37531987a71bb92b5bab3e4eff008287788f54d02e3e1dda68bae5a78763d334ed4ae65bc92dd275894ddba9dc8e0a18ba07dd8c0e412462be73d56e63f19782751d47c35aac2d0c7ab81a5df8d2d67d1a7b91817b2c6401811449216756e7cae14f53f5f7fc14fbf67bf037c42f0d787349bcf1b7819b5bd3619a3bff000f6b7af9d2e3d6d5a4f31489532d1346cd202a57e74908ca9009f2793e12f87750d074df0ee97e3ef84fa7688b334d7ba7dbeb96d6f118d506d8611fc28eca0bb1cb15c8c0c9afa8cc729c5d2ab05ecdb6a30b6d6494229aeadbba692d92f534c8f3aa72c338a9a8b4deb6d75937bfebbfdc5cff008273fc4dd53e2efc0af8bfe1fbc6b6bab1d1f4b47d1b5055d971aaac528733cb1f48ddfef00a02e0e4039cd72be3769a4b12cbe5ee2871cfdef6afa6bfe09ebf042f348f007c4ed7756d67c17a92eb4de469967e19d452fad74cb71122b892440177b30fba380b1af39e9f2ff8c4858a687acb1ee4231fddc8c7e878afd5323c3ce9e5f4a3523caedb76d7447c1e655a9cf1d55537757dfbbb6bf8ec79afc270b7fa9e9368c0b35d4f14383fed3a8afb1bf6aff805a4fed9de3fbaf85de24f14ea1e1a834dd26ced742b786cfed104f2305334eeadf2b6d999148ce42e4f4cd7cb3fb29e969ae7c65f07d99dae6e753854003ef00d9e3f2afa43e2178ffc61ae7c716f1f4bae5bea7e1ff0eeada85bf86f47b2b548ee2c45b4d24577f6997e62f14d0190e4630210bb73c9c73fa8e8e139a3a5e490f2c82ad89e5ec9bf9f43c063ff0082015a9f89c3c17ff0bb224beb9d31b5b8bcaf037fa38b7495611e7482e0224bbdf08bfc6aae40f948af48f825ff000403d2fe06ebb75797ff0013a3d72ef58b76b26787c2e9118a36e1b0cf338e17d46077f43f5afc32864d4fe12dafd975e92fa15f3e4d3f507b82f77ab5a36dc5cdcef8c11301b8e1405076919c8a4d33c37756f26911daf8c3c512dd5ae9a6369671f6a8af563688493caa0796d249b403800fcefb31c9af93fed2aa9b51b2f45b9e9ca9ce7f1cdbb77bbf99f297823fe0851f03f4d58566f1c7c40f1443f698818a28f4cb781d04843a710330da01c8c86e4003278f55b9fd9b7c39fb2e7c75f01d9fc18f0958f84a1bcfb4586b57b6f1ac935fc26d5cc725d39f9995252a401d594123a1af5587e1a7fc225a86a9259eada8492cf7771a9dbe9d041141b59e348dc7ca019510ed7f9c96dc4e58e401e3de17f8ddff000b57f6a2f08dc5bcc975a588ef63b0989313ea0809823b911ffcf395ade778ff00e99b2919eb5a607195aa6269f3bbbe65f993530fcb46a34db5caf47e9fa1c07c4bff0082477897f6d4f0d7856fac7c6da6787ed74e5920bc5bbd1bedda86033a9b9694905e4998172188186c83d0559d6ffe0de5f0de91f0b2cecf48f196a6be365b3b68ee753beb64934d17024dd73347001bc068f2ab1b1c0186dd9e2bf44bc2ba8c965e1ed1a368e1d3e496ca345858346d911a6474e580e30de951dbe9eb777c6e269ae639ed033a279cf1c41c9f989c7fac008ea73d48afa4a98c9f35a3dcf97515d7a9f187ec8dfb376b9fb1cf8f34ef09cf75a7dd59de43259cb79650adbc3aba386049880015964f2df919c1ea4366be7cf8d16bfd8fe33d6ad07fcbbdece840ff007ce38fa1c57e8c7c75bbf0cdd6a9a1f88279f6f88b4dbdb5b7b651395478da74691447f749da0b6ee090bd4e315f9f7fb66588d0fe3cf8c2dd54e16f8bf4e9b9158e2bdfc0e2235e973c5dcce9de353b68703fb0af88aced7e3ee8fa834848d260babf603a0f2eddd81c7b71d0e2a1b2f8abad6ade2ef1b786e3bc8efad7c33ff139fecf91819258e6b558e768a3dcbe613e64e1bf8b73a72a335cdfec3de16d53c61f11b53b3d2ad44d345e17bc0ab1a0db016312b1c819c6d27935b52fecdde28f13fc73d4bc55e19921b3d76cb559e147bb1e55bdddaa249e6db33b7cabe6200aa49c2b052781466997fd6f08e9adf75ea8eac0e3bead8a551edb3f99eaff00b33f89ff00e193b4af05c775ae6a9a97c19b78a5b987c5ff00d94354924d29edde186db5231665b530dc79922ce8a51d5a459029009fa1359fdbbbe1f783be1d49aa681e30f87dabc579771a68d1e9fe2581a0313c1b8cb72d236e86213061ba3476d8536a64903f3f3c3179e3bfd90fc257fe2cf81baf6a5ac784ee6d64b5bcd2f5598ea08d3cf2325c42514ef8ee96454f9d40c9600671cfa15a7eda17ff0014fc2da3c9a5fec8de074d71e3b2b99f54d6a6dd6d693c58114c51215915d1994e19d587f11c806bf33ad87b3bbf9bd13f9f6fbcfb39454e4a495d3dadb1f437c43f88b63e39f86d36a82f97c1bf0dee74cf2bc53e3183cf57d74c9712493699a3acdfbd956e66764f34a290a76c65b7029e37f067c5bab78b7fe0a7de0fb7b5b586cb4ad3212baa456e0791a5dccb66ff0065d2d4af04db5aec040c00c4f735e3bf18fe2b7c50f1e7c7bd0ecf50d5b49f88df16f584dbe19d236a59f877c04ad80b7d361fca8b68dcca1819988c1e3afd7bfb147ec4b75fb3f78cbc1da2b6b2de2ad4ecfc457babeade21d8de4ea9706d90cd206e437cce4704e38e066be9787b297292c4cd7bab6f37dfd17e67879ce3953a6f0b17ef75f25dafddfe47d8bf057e2668fe31f859a068f31b892f9b4db7fb4a49134ccc446bd5f3f33739c83df15d2585cea1a809b4dd5ade66b7589a32f1ca0092261850d8e7273db07838ce2b99f829e04ff8477c15a7dafd8dbfb5341805b4a08c2cfbc29902e5b8fbab939c703802bb49759b18e28e27db0dec72e733fc8206c11d54e0704a8238353562d547ed1db7e9a5bb6bfd7de785cd0b7b87887c78f821a6f86fe19ea9e22d02f6fbcbb56b593ecc6e5ae638fcb93e672cc490029395e304926be44ff828c598b5fda275c68e42b1df5a5bde276c864233ff008ef7afbefe336bb69e0ff871af47a7e9ff00da5797113f99022161289708d232e7048ceec8ec09af833fe0a71a45d786be207846e2f2368eeeff00c2f6866c03f2cb180ac0f7c82d5f41c3f4d46838a495b5d3cccaa49baa9b6782ff00c13a3e38b7ecff00f18b54d5ad469f36b0da495b6b6bbbc5b71a845e6a1b9895df091ca536b26ec67ca2075c1f7cb7fda2f47f8831df47aa784acde192569909f10dac1265bae764a0293c0ca9c1af807c1babc3ab24ca63916668b05594303d003bbbf07fad767e16d0f50b69e358ec6166236962410c057b719492d0874d49dcfa87c3de0ef83de15f17df788347f8631e9baaea03fd35ecbe271b38ef1bae658a3976b38ecc727debb887e347836148e25f853a0c10c6ed27989f12248dd9c8da5d8a302cc7d5b35f347857c3d7d21f3174f2a8c54939f4aeeb49d0647b378a5b5dbbbae57a739ffebd613c1519be69d38b7dda4d9b53ad5211e484da5eacf4ff0085e7e00fc32d52f2eb4bf825e09b3d435193ccbbbb6f1fcf71737071fc52492963e9d6bdcbc27fb6a7fc217a65bdbf86bc03e0bd3f4f88347107f147992046c13fdec6e382704e70327815f2bdb784e48a18f758ab051b8e5075ad6d3b44bab089666b567919703fd915ac6e9592339d183d5ebf33a4f8d1ff0005c1f187c18f1adce91aafc39f850d0c4df69b5ba9be208b49de33f74baec1c1e9ce471deb9db1ff008381f5cd6d9ae1fe1bfc1ed980af37fc2c40cb81c807f767233ce3d6b91f891f0ce0f1b4330bcd16d248de0f219a740c426738c7700f3d6b92b8f81d63a7e930c1069b15bac60298d614da71df6e3fad29e160db7ca9dfc8ce345df47a1eede0bff82d9eb9f117c442dd3c17f086deded57ccf37fe13c7976f1c7ca2023038af3efdb5be3ccdf1aa5d2eff0052d5349d5b56c4f7574da5348d61631ca2248ad627701a4d8b16e67c60b48704e0d78978a7c02da426d82c7cbf314c6ccaa1011ce718fa551d4ef1b4fd1961f995a35318cf7e38ad685351e80a9f2bbbdcffd9),
(7, 'Noodles Non Veg', 60, 0, 0xffd8ffe000104a46494600010101007800780000ffe100224578696600004d4d002a00000008000101120003000000010001000000000000ffdb0043000201010201010202020202020202030503030303030604040305070607070706070708090b0908080a0807070a0d0a0a0b0c0c0c0c07090e0f0d0c0e0b0c0c0cffdb004301020202030303060303060c0807080c0c0c0c0c0c0c0c0c0c0c0c0c0c0c0c0c0c0c0c0c0c0c0c0c0c0c0c0c0c0c0c0c0c0c0c0c0c0c0c0c0c0c0c0c0c0c0c0c0cffc00011080050005003012200021101031101ffc4001f0000010501010101010100000000000000000102030405060708090a0bffc400b5100002010303020403050504040000017d01020300041105122131410613516107227114328191a1082342b1c11552d1f02433627282090a161718191a25262728292a3435363738393a434445464748494a535455565758595a636465666768696a737475767778797a838485868788898a92939495969798999aa2a3a4a5a6a7a8a9aab2b3b4b5b6b7b8b9bac2c3c4c5c6c7c8c9cad2d3d4d5d6d7d8d9dae1e2e3e4e5e6e7e8e9eaf1f2f3f4f5f6f7f8f9faffc4001f0100030101010101010101010000000000000102030405060708090a0bffc400b51100020102040403040705040400010277000102031104052131061241510761711322328108144291a1b1c109233352f0156272d10a162434e125f11718191a262728292a35363738393a434445464748494a535455565758595a636465666768696a737475767778797a82838485868788898a92939495969798999aa2a3a4a5a6a7a8a9aab2b3b4b5b6b7b8b9bac2c3c4c5c6c7c8c9cad2d3d4d5d6d7d8d9dae2e3e4e5e6e7e8e9eaf2f3f4f5f6f7f8f9faffda000c03010002110311003f00fc9df8c3ac36abe1eb1b0b3d3965bc85a4925b8591e46619384607e5181e9cf15e30ba9ea1a2ea7f6ad3f50bdd2ee4921a4b491a03f4ca9ce2bdff00c5be1fb17b28ec64d56358e043b14c8ccad293d40553f2918e7ae78e95e732fc38b8d7b5486c2ce3fb65f5dcc20b7820479249e4fee222a9663ce70057a35a5393d6e610825a1cf9f8edf100db343ff09a788a48b8001bd6391fcea8e9736a1e2bd7619754bcd4b529370cf9d2b4cc7fefa35f577c35ff00823afc5df14c505c6b7a5e93e0ab191439feddbd115c853dcdb46b24c38ece8b5edde0dff8229f8674f55935ff008a576d2e32e9a6f8782c58c67efcd3027fef8e9dabcdad98e1a83fdf544bd5ebf71db87caf11597ee29b7e8bf53e66f85be1e2b1472ee85626d8924a881bc856e17214e33db048e6bd3ec25bb8208ecee66ba8d74f72a96f36e5787764f0b9c213c1e300fbd7d5be02ff0082577c2bf0f4b0492f8dfc6f75e5b6658843642de518c9528cac0a9ec09e3dabaed1bfe0979e04b2d716fb46f8a1e2ab1be60e55af349b3bb52586df986f5c800e07d38e99ade971565aec9555f8ff009155386f3186ae93fc0f8b3c5364de2bf0ccda7df6d44676980456550c70bd813f3019ea00e7d6b53f67cfdbb7c65fb11409e0fbcb7bbf147c3049088ee0d9b0d43c361b224f24af0f06e66fddb1ef95c6715f5bf88bfe098de2fb0d0e1b3f08f8e7c2be2289b7a5c7dbc49a7c80c841cc692068b77000fdf2d7ce1f19bf64df1dfc39d2c5af8b3c2fe24b2998f374ec65b3915738db2ab3452e783f29cfb57a54f1987c4fbd86aa9bf27d3b3479f3c3d5a1a56835ea8f2bf8f1fb33e87fb54f89478e7c01e2ad163b1d59cc57b70864785662723cdcfcd13638daca0f231907221fd9f3f679d7bc377ffd97a94326a96f78fe5fd965f37cc6c9c14106e0b26481b94e55ba907008e3759f813ac7837c4a754f0a6a5ac7877526c15b9b291edc4bdf0e3a1c7f758102ba8d1bf6d6f8e1a2eb7a7de6b4fe1df1a1d1e59248eeb538a78a5479092ec65b7910866c9c9039eb8cf35e4cb05cb579a71f77e6ecfcb46dfa33d8a39c62610b51a8d3f2eabf03d8ff0060aff826d78c3f6b8d6a6f114974de11f01dbcef6926b1f6659a6d458ab0960b485862570a70d212b1c79e4b3616bf43fe1bfecd3f0cff00626f04cf69e0cd22cfc3b73709b1f52bc9c4dabea0e47024b97008ce47eee30918ce369af60f8ffa9695f027e16d9e9be1d89bc37a57856c8c7a6db590db1da410a1091608208c64fcdcb312c724935f177806e2ebf69cf899ac5eea77f6be24856de3bcb5925d145cda59c27ef2a3caa0bc99dc0ab6046c173b8735f07c7bc6d3cad4a308bdb7bf7d35b2bf5d3bf74ed7fafe09e0f8663fbeaf24947a3feadfd6cced4c3e34f8d72c6da0d969fe15d2efa77b5b5d4fc4b3fd8e369fe65552369dbb98055ce7965c815d66b1fb036abaf6810ea17de32d6b439228c0ba8d60f2da201b679a770ca4a4f0aa0624037008180367c35e28f0afc0ed76e7503349aaebb24b041786feccea73db47206686de074daa9846ddfbb3232a01c80307a5f037ed67a2f8eeeb5e8ec7c79e05d7069427b3834db7d46e2ea1bb883008cf6ee3779881b1f3c72024065914035f80d7e21ccf157acb58ebaeb6dae95924ddbbdd37db667ea95b0bf576a9e0e9a566b74de976bfbcb5d3cbadd5cf9ceeff00e09e8be2ff008b56fa2681f18bc653cf7c3edd67a5dc7846e8dd15761b4c8fb981555563bc796ca5949001ad0d2ff648f881e04f1669ba96bde3468fc1b627c9d4751beb07b5303b7eef6c4496292248caacb28f9fe6008edf5e784be3d45a4f86747d2adbc4491f89ee6cc5ce9f77a346af3c4e43758e341147fbb0c563914799b7f898015b2de39d3fe22e8166dae6b1a0ebd0e97cea4fe21bcb72f6d248a3cc13248a339380102b72013dc1e48e778a8a8de32f6927651718a4d5b74eca57d1bd6ed591e4478a28d4a92e7945d34edadd3beb76af149a76d36d9ef6d3f3e3e20fed0df1c7f63dd4a49bc6bf0dae2f7c2ff6d782d75fb0d5e1934c9e2520acaf2fccb17cb83b588c647231cfd49fb337edb5e1cf8e1e129934ed5b4fd4a199960bcb7263b8864c81f248982aea413cb0c10722bd434ed7745b3f879af2e99ab787fc51a6e980dd258e813436b15d64aab248fe6085576162c446b19d806370e7e3df8aff00b2a7c3abdd4f5cf1b7c27d4b4fd3f54b5b797fb56cf498e4975196e36868de28220b14810bb6fdccc1c2c7b0f515f67c3fc750862550c543d934b46a57d7b3d7dd7d1746fcad7f2f34a34f1182752349f3b7651f76ed69d2ed3d1a77bafbf43d3bf694ff0082785bf8e2d2eb5ef8497a3c2fe22857cc6d124bd95749d5015e52224ffa3ca7070a4b424903f775f9affb454579a678c3fb2f5ed16f349d674e84dbdec538f264864591c18dd48eabea4e718ed8afb4bfe096dfb4ff008abe215c43a6f8b356d52d75f5b459a4d3f5488ac9710b01896343ca6461b04630dc122beb4fda3bf64df873fb48f82eebc49e22f0ae87378934b892da6d5ee62904ef68ccb1ab48d13ab3984918ce7e5639076803fa3b22cf2ae270cfdaeaaf6bdd3dbcff00a67e4b9d6511c2622d1ed7b5ad6b99bfb4d783d7c59e2cbdd1f57861d2fc3b748d26a5aa3dca868e30d968228b25a495c0c9c0c2a9248ce01f12d1bc51e0ad27489bc37e13b5d5aeb49b9d6965d42ed6d6e2d4955ba7f2a350a16431c67c95c3a80caa5588182794fdb5fc5cbfb3f7c72f1a59f8b9350bcb26d422d7bc37656321b78b55bc67c04bc700ee8518ab30420950dbb200c731f0fbf6847f8d9f146f6c35286c6eff00b520bbb4d1ef74fbb36f33ee291dca6416c4536d2e8cb8082318c96db5fcd7c692cc7118eabf5d87b94e4edd124b55bfc575ab7756b697d97f4070ae170b1c0d3faa49b738a6eda5b4dfaeceff003b163e3c7eca5a16bbf10619b5df102fc449219bed91c724b71a6dbd84480667bd4de409778f9236c064da081c83e9f26abe1bf0fda6a7e32921beb1bcb5b786f2f6eef2c6d215d5e033c712ba931a796a0c8110c81951573b4019ae1fc28fa3596916e6d6cb5fd426f05c51c125e6b5606c45b48b1f13c702c691cd72a54fef1cb0420903a0af3cb3f8c1f0ff00e28f8defbc3bac5e7c42d57ed26e6296eb54d6ddde3cb793236c6631ee2d2811a9c349bd401ce2be594b138ca8e9c5cb929ef082b4526af7b4e57d52bdb749f5dcf7b0f97d0c35351aedce726ef5249735eff0fb892f2bebe87b5fc43f84ba3fc48d4a7f33c2fa6785756b8b8673e24b49206b95b5625d8c914722c4577e1732a90c0e7820139fe28f88dabfecfdfb3f7c44935bf033eaba4ff684baa691e2cbeba86fa6d3eca358a65592cd5a456898b1814c65b2199b2a1735e77e29fd9a749d4bc0fa7f84752d67c4cb757925cea16bac35cc84d9cf1b88bcad4522247926348533182aa5900044a2b5bf66bf8bedf087e0ff0087b4ab1d37c23a64fe1d82e548b9b5fed3d07c55664164bb8e6877ec99558349194e55c0644c8ae9a34e51a3cca7ed1464972ca3d355cd19734b7b35afbb1d1b5a5cf26ad3c7fd6a54d53738ab38c632b41b4d351777cc9eb66b676d22936786f8f7fe0a25f10be17fc4b8742d2757d0ee74bf216468c46db2d237510c2928dc430591f0d03630b804eec81f70782a5b9f88be10f07f88b5abad2ec3c45a7bcda55c693e1d68e2d23c5966eacb26db557530ba10ec8e84cd1aa02739c8f21f047c2ad0fe35f8c26d5bc75e09f062ebbe228d74dd76f74543a75d4c5a35f2a45b7256398b0015a378d48f932ead823acd03e12dd7c32f09de5fe87ab4f0dae876f25f25c45733369b044af2c4a9bd93cf7ba90ef529063007500014665572dad0850c22546ac5a6e565ef6967aa77dfc9bb6b747bd528b9d5962b1094673b68ad68ab5ad78ab356b2fd1ee713fb4ffc1fff008571f1b3c29aef8324f14ff6f6a71c3a743a9dc95b99a6876390b7649056e132cdf3c5f3a85c39e95fa09e0a82d7c53f06fc416fa94dbaca5f0cdfc17b2c91ec0c3ec726f918741823771c0af9af50d035af889f10bc1b7971a2c9e26875230df5df886ceee158eddcc5215c44a3cd486305a3c4accb800820f5f45ff82a1fc7ed3ff62bff008276789a4f3634f137c40d3e4f0be810affae93ed29b6e2e00ee22b7dfcff79d3d6bf72f0879aa6595311526e5ef596ba3492b3b747ad9e8b6e8ac7e21e26cd47134a8e9cc96afadef6d5f5daebd4c4f06f8afe1affc170ff66187c4be1692d61f881a045ff13af0e4a51aff004898039c29e2485896db2a8da4360807207e7e6a5fb19dd7ec9bf1c6c7fb42e754f0f6876174d3c17f6775f6736d27dc105d26d0668473b7057612dc86391f0dfc2bf891e36fd993e24e9be2cf00f8ab50d135dd34ac96fa8e9571b5a373f790b74917206e4604367a1afd31f831ff000708693f1b74187c2dfb517c24b8f105c2fc87c5de0bb441778db82f358bfca5883c98d8679f9457da710f0f53cc68cbd8c942a356e6b6ebb35d7c9eb6eccf95e1be26ad95d451ad173a49df96fb3d355fd6bdd1d3e8de225f0bf86db4fd1fc39a868b71ac19352b8d58d94b7763aaf951aed54b995b6c924cc16304afc864202b1258791f8bfc077d7d358f8a343f17693e1bd435eb80b636fab5ada58dd3cd1c3b6482caf248d76ba6f0b97449130307e6af67b6f85ff08ff68bd42d64f827fb4568f6f028090f84bc45753f85f5089073b2204c041ebc0665c93906a1f8bbff0004e2f893f12754d2b58d5fc07f109a3d091d08d02f9758b3d411d83178de3f343b8705cab85e4804902bf07c470366996d655791f4bca3155134af64d5b9acf45b2b25a3576cfdab03c7196e33969ba8bde72f765ee72e974db72bdd59aba766deb1396f85d2f893c37e11d73c2fe20d43c59fdbbe238206d361d57459f568608e090cb3bbdd60c6fe6fcbbc8940c46ac70c41af3ef867e1ebafd9fbe09ebb3786753d6bc4b09d6ccf7163e1eb57bc421e366b8b6dca8d0c4ad88f209c10801757e1bd93e1b7ece7f12fc052dd5c691e0cf8a9a56b719925b7b5b24bcd2749ba669576cb716e2358c3a92498e3c2483049e1b3ade0efd877f6b0f1df8b9756d46c2cfc3d676b3493a4b67a61d3ee984b9697ce98615cbe7e700007039e2b3c170f66d89a93850a2da959cf9972a95b4d138e9f39dd776cebcdb38ca2304ebe23912778b84d5d77bb4eed69b5b5d343e1fd23f685f19eab26a5e30f3347b3f1759cb6c6d6f18ffa6697228c3c2df69ff57198ce06c0d192d92411cfb5fc31fda3fc49f151b4ff000beafe14f136bbe4e9cd34162fa7db0b78efdae249376e8d8b2461022a0dadb99998fdd15ebff133f655fd9ebf67bd66f7c41f1fbe3a780ed7529ae52f24d1adaed350be86450c07956969be40db5883e6312dc64e00c64fc40ff82c8fc2bfd9cfe0adb6b5fb31f81fc337925f6a2ba44be2bf1b3240da34adc09534b4fde3819dff00339c2fcdb48cd7dd56e06a3350798c614d3b2564e524edb45adbadb5dde8aef5f89c5788f81c0bbe0f9aa49bbddae58b6ddeed6babb74dfb9f46fc22f08c3fb117876e3e37fed01e2fbdf0a78415239745f04da4de75c5eb8548c40b1a80f3aabe0ed236aeedce7d7f35ff00e0aebfb5eeb9fb5ffed7171ad5d6a064f09dae95652f852ca30d1c165a7dcc11cc36abe18c8cce77b101895e8000078c7eda5e28f1cfc55f8f51f89bc79f16b4bf8d1ae5f5825d0d6b4ebcf3acf4d2cc73691463090f9780764600c329c67358ff00163e29cdf1abe20cfac6ad6fa569b3b5ad969b1c3628c96d6d1db409026d049c02a819bae4924019afd1722c97019661a34f2e8a507bf76f4d5bdee7e6b9b71062f39c47d73192bbb6965649764bfa6792ebbf0ee1b6d3def228e39ad7728f3628fe5572033290791b738dd8c13d09ac18f45b78e5512968549dacc89b987d06467f3af4ad43c31f68b78fc9c4f2797be58d777c8493920e3a0e33d00ed5cf5ef86034390de5b4630dbdc73267042f1d00e7939c57a5cae279e7327c317570265f3a65bab760ab68c6469dc9ebb57fd9efdf15b3e08f899e2ef0218a3f0ef8c3c5be1f72e76ad86b57169b189ffa66ebc631d4f5f4e95a1a18bad17571736a375d1574475cee5de0a9607230403c13c54de17d3ecbcdb8771e5ed3b6238639e3ee92327919fc7d0735a46ae866e9dcefa3fdb0fe3f69f63671d8fc70f8c296b708a5bcef145f45e593c6d07cdf9bb9cae401d6b96f1c7c74f889e3efddea5f12fe23eb76b336d78b53f115d5c0009e461dc838c0c923bd452c11e953bb2b2f9d0e1046b18e41f7ed8f41edef5996f7d269d7f25c2f9918673bfcb2b93d304027e9907839a52ac11a767725b8b0bcf0fd8c5b2e2f9595c7da0469185cb67187da724e01aade10f09d9b78dec53c5d7bab5ae86d366f25d3ada09ae12323236ab000e7b919207406b4adf5f9a58dd268619adf1f689524e9391fa838f4c1c719c55cbfd65b56bef358c859511433316da00c2afcc7ee8038ae5ad1f69171bb57eab75e9b9a74b2362f7e147857c3de3e6fecff001d6a9aff008452d5e78e5d32ce0b7d461939d91490dc055ce41ddb49201071da922d4b47bdd5374d05ff00d866c493408e0cb23807e5c9c0009e73db3d2b1e0d396f7528433c6b1c92846333feee32c4724fa7724f419af5cf1ffecc50fc36f0e5c6a1ff000b23e1378a11507ee746d685dde37ce07c91800927767230319248e95585a53a6ad29b979bb7e8910a3cba36d9ffd9),
(8, 'Pasta Non Veg', 60, 0, 0xffd8ffe000104a46494600010101007800780000ffe100224578696600004d4d002a00000008000101120003000000010001000000000000ffdb0043000201010201010202020202020202030503030303030604040305070607070706070708090b0908080a0807070a0d0a0a0b0c0c0c0c07090e0f0d0c0e0b0c0c0cffdb004301020202030303060303060c0807080c0c0c0c0c0c0c0c0c0c0c0c0c0c0c0c0c0c0c0c0c0c0c0c0c0c0c0c0c0c0c0c0c0c0c0c0c0c0c0c0c0c0c0c0c0c0c0c0c0cffc00011080050005003012200021101031101ffc4001f0000010501010101010100000000000000000102030405060708090a0bffc400b5100002010303020403050504040000017d01020300041105122131410613516107227114328191a1082342b1c11552d1f02433627282090a161718191a25262728292a3435363738393a434445464748494a535455565758595a636465666768696a737475767778797a838485868788898a92939495969798999aa2a3a4a5a6a7a8a9aab2b3b4b5b6b7b8b9bac2c3c4c5c6c7c8c9cad2d3d4d5d6d7d8d9dae1e2e3e4e5e6e7e8e9eaf1f2f3f4f5f6f7f8f9faffc4001f0100030101010101010101010000000000000102030405060708090a0bffc400b51100020102040403040705040400010277000102031104052131061241510761711322328108144291a1b1c109233352f0156272d10a162434e125f11718191a262728292a35363738393a434445464748494a535455565758595a636465666768696a737475767778797a82838485868788898a92939495969798999aa2a3a4a5a6a7a8a9aab2b3b4b5b6b7b8b9bac2c3c4c5c6c7c8c9cad2d3d4d5d6d7d8d9dae2e3e4e5e6e7e8e9eaf2f3f4f5f6f7f8f9faffda000c03010002110311003f00fd81f84fe36d5fc5725c5beb9a6476775a7caf089838305e81b7e74efd4e2b47e267c4dd37e1b59c6b32c379a95c645bd929f9b24e413d70a3d71f4cd70ff1b3f699b3f02ea63c33e1db68354f14bf0d1a61e0d3b3fc521f5ee17f3f7f9dbf6a3fda5b41fd85fe1a378cbc717235bf19eb8de5693a6b3fef2f6663851b7a88c360718c9f946304afa11a74709439e57515ddeacf2dd5ad89adece09393fb97a9ec7e31f8b9a1fc26d32e3c6ff12bc4163a3daec3e519d82e1072628631938e06703dc9af8ffe21ff00c1c83e16d5bc7f6fe13f84fe18fedcb8ba95ada2d675513358870a48ca5bab1dbf29c9dc71824e064d3be1c7ecbbab7ed21f0ded7e26fed0f1e9336a5ad3bea663d62e5934bf0ed886221b74b6381348154b9660b1a970074cb763a17ecc3f0dbe1a7c7cf06f8f3496bad2ee174c9a1d1206b51a7595f4d731cb146b3b01b02caaac510ecc282d9666515f92e6de245ebcb0d875ca9689dd7c9db76aed765d9bb1f7f97f0952a34d57c5c9c9add5afaf6dedb6fbb47cfde3ff00f829afeda7e2df88da5f87fc35a6f856ee5d7bcd6d34e8462682711c66561ba54dd908090b92cc78193583f0ebfe0b05fb5668d79e72c3e19f19a5acbe4dcdaf9d0362407050edda55b3c6090722bea2f057eca7e2af0b7c51d53e2526ab6ba2ea970b1eb5a6782a2bc57b3f0fbb466299a69f682c92bf99b2340141c905bb5bf15fc21fd9f7f693975bf137882cd7c27e26f0d89e4d6ec1b54b8f0ccba6ddb0f32595842635779410cd238932bf305f9b9f98a3c6198356a951732d6eb9acd6fb5fe2e96fbafb1f512c972cb395383941f6e5bc5fa2566bcf630be047fc1c31a4b6b30e8ff18be1cf887c017ece236bb8a077b7cfa90dc7e4e7e95f7d7c24f8d5e14f8f9e11875cf076bba7f8834c900265b593718c9ecebc321f6600d7e75f86bf607f81bfb53f8ebcdb5b3f1aeb9e18b7b52d6326a175711e95a880aa434432aec003925861f706e6be78f88bfb2c7c50ff008230dff893e267c33f165f6ade11d3b548251673ab7976b692921ad6e54921f0d8dad8c30c676b735f679071a4ead34f12baa5b79db47f35bad7b9f339a70cd2bf3615e96bf9fcd6de5a3b9fb7e4827e9d29aaa4ad783ffc13e3f6f8f0cfedf1f07a3d734b09a7f882c111359d24b7cd6ae7a489dcc4c738eea7e53d89f7cafd329d68d48a94363e06a52953972c8f9d7e1ffc36d0ff0067cf87ba878835863b6c2ddef2fae666dd24c4724963c9663ebdcd7c5bf0f7f65dd63fe0a29fb43685f1fb5cf122d8f87343b8fb7e805adfcc86d9e19b6c26147ff5855948195319182771638f74ff0082d27c7b4f843fb30da6971ddc36771e25d4a1b40d23058f6020b2b127a11d3dc76af04bff008f1e20bbfda6fe1adaccda2f807e14782743fedad4a0b1666bcf122c70b25adb271c9f3a55296ea00dc54e5d80c7e69e2367f5e15a180a6f979949dde97b6e9593ef6e97d55d6e7daf06e4f4de1e78c9a5eeb57bd9dbb369b5faf9ec7bc7c59fd97ad7c5df163c33e20f156a9a87c48b8d3f5088c7a46afaa1b3d3d5c64452ce88040fe5925961600336092db5457a7e9f75a878efc75e328f41bcd2e79b4c92df4cbbb9d4de65b3fb53e36451a283b5506c21c024eece4122be3cb1ff0082af45fb4ef8d6f3c33a7dae9df0deca358e4d06cbc5361e5b6ad2acb9691d242236116d2762b3396c1e0024f49a5fed97accbf03be267c45d13c55a0f89b45f87b68526d4f4cb786d34ef10151bef36aa9608577c6033027cc463cab035f8dc72d74e56c6a97226acb66dcaf6d6fd5f7777b7bbd7efa352ae2292af4a5169c74774e29a6b4697cb656eaef656fa7740f866be0cf134cfe3bbcb5f11ebda7a41736e96f7d292ec8ceab7096a7e7ca3164f34ee38c83df3cf8fd9e741d03c61fdb963aa7837479ae3cfbdd72e45fcf7173a8b3e418e492624ba8ce416c631b155549af29f0c5ef8e3f687b5b183c5df0f63d43c3f75e188b508eef57d56de57323c6f2224913a79ff006898f94cc436d4899436e2768f9efc570f83fc45f1cbc35f0d7c4d607e1fc7a8168a79e0b4756d1cbb7fa22437790275604656e03021c84036f3d1fd8f4eab951c1db9126ed2bdd59df569df47dfd747a9e254e22a543191c3d77272935193824d7bda5acdafb92eba743f43bf67ff00867ac784fc24d0dbeb1a2cde1fb7896d746d2742b5d969670af2b2279bbe6598eee479a63202aaa8c64f917edd4df14759f81971a2f843e1bf8db55d43529de0b9fb669304ba58b4cba3bccaaf2349bb829b46e5de1c85da45745e1ef0d78dbf67b56bf1a7dbeb1e05bab42753b6d3eefcd5b70815565b660436c640599720a9071d7032affe31fc6ef15f8e96d7e12dd787f56d0ede28af1750d69e458e4495b85991109c85dc032b6d2573818207665b9946a38d2c54651a9e4f75dd26f556dd5f4d8f57ea2e1294b0ee0e9efae8aeba3b697f3ebba3e2b5f096a5ff000493f89ff0ff00e306831eb1a6e8fe32d4a4b5d7bc33281e46956be5c6b2465b7316df29765c9c2a6ce32063f673c27e2cb0f1cf85f4dd6f4ab85bad2f56b68eeed6553c3c6ea194fe47f3cd7c0bf1c3f66bf187eddba1782cfc64bab4d2aeb45d7aeeeafe0f0e5cb5bc171668a22f22279407025c2ef6232a24760010a6bd8ffe0951f17745f17fc10f12785741bc92f34cf86be2ad43c3968d33b3c91db24a5a1472df316505864e49c72735fadf04e791c4a78494b9a51bebdd2d9be97e9bbbe9ea7e7bc5197fb19fb58ab27abb6c9f549f55b3db4d4f2cff0082a469be04f1e6bfe1bf0cf8fb4bd1f55d2bc439b3b68f54668ede39549924659072937931c863231965033ce0f8ff00c5bf847e00f0b786be1f7893e21f9767fdb4a9a1e993ef6596ca20c92c664460446195662d3156110317bd7d11fb7b7ecafa4fed5a7c2fa7ead24d0da697acdadf48f148639088641232861c8dcbb93e8e6be66f88de15f117eda3fb53c1a958e9fac43e01f00dea69eb756b692496b771c5220b9893e5dac1890339e45b9c649e3e2fc42a73a79e539d3a8dfbadb57b72eb6baff15b6d7adef73d8e1dc3c71b92e230d52368e9aade568a692f34cf16fdad3f617baf1d7c3af116bd7f756977e1541712699beddefafb3065493344db2062ea444b963207f95554115ed7fb3dfc18b6f811fb2b7c1df82b369770d1f8baf63f12eb8b3da0759ed500ba9e3753931950b6f0e181e0e3ae05784f807c03f143e0dfed1d2697a3784fc717774d35c4f6da43dc489a7a4ccc1209e3e36ccde5aab6482a84b03c80d5f40c5fb4268ffb34788d62f8dadad47e2a83c30e742d22cda1bdbebb925bbf3bece8372fef53726524603644bc300c2be5336c5e3f154a961f9aed6bb75b3b37dbbf43d0e13e1e8e5d479e52bca693e5576d6dbe96576ecfd16a51fdaa3c29f137f6e0974ed2be1deb96de15d6f541a85cccf047249f6ed3639238ad0bec0db6762b200abb58c6a59b0302bc7bf664fd878fc0fd296f3e2f6ade02f1d6a568f2da2784aea0378ed2f9995b8924df182caca595c891828001caa81f637807e37ea9f117e12784be27daf83e1d3f4fd60bb783f4dd12de369ac638f26e1ee9c46238a59ca3c3b426d5f2cfcc4b0024fdb3ade6f0a7c2fb7f114dacf85fc23e19f1b08b543a278811e19b41d6572f34d6774809859b25caedda24dd20c6e6ae9c3d7ab85c24e8d26a2d59bd173493b6addd34fe67763729c355c4aaf18daab4d27d14979b4e2ecac97669f9369e14f85b7de0dd0e3f18f8217c25e2192ced6410e8c75eb8431ed1816ef31dea99c90bbdb09919db838ecbf639fdba3c1bf12ff67e6d6bc3fa6c7e1bf13eab2bdb4da2497b0cd269f731c8d03a3b261495f2d9b20721f3939cd7cc1e0bf8ebfb27f82bc6163af78a7c1de11d075ab4112ffc247a57887fb4edeee6183f68b9549332b1620b34b112dc926be74fda1f4b4f8dbf1ff54d43e035cc934da6a4d36b765a8788d658a49039205adc4014ec6604a29122b2924b260ad4e5583a5494aae16cacb56f997aa57bc7e6a5a158cc756962a9e0b1c9da5649a69eab5b34b5b79b5f247d6da27c57f12782fe36788fc1fac248d3697a25c78c35449af27bb696e6f2626de2b33271f6655f314aa00048db7f8067e86ff8276785fc2fe13f1578d2fb41b7d4b47d63c776da6f8a3c47a24c81ad746d46583c99a286418dc4b4659c30c866c8e18578bfc79f89967e10f87de1df88b67a069b3f8cfc69e178b446bfba1e6199125574b548f05772bdc4acad8cfcc40e4f1d3ffc11eb4df106a375f173c5de22d3f53d26e358f1347a55a5b6a10c905c2c16909058a380c3748ecd92390476c57b5e1cfb4ad9dbab854d53e55ccdeedf45ff00813bdfb2b18f1a53a5fd991a988fe22935149fc9e9d345a799ef5f18347bdf13e957da5e9ba98d1752d4ad64b7b4bffb38b8fb24d83b5bca62049f296f949193b4641e6be78f815e34f1e7ed5da86bb65f0e7e207893c23a27802f4e877f1ea5a3456fbeee35c4b1ac0c6378e30a436f3819750bb802c3e8af8bd04b0698f751cad14d6ac268dd3828ca41047d0f35f1bfedb3fb3bbfed01729e34f09c0b1dfc6e96de2db4b095edeeedf0311de44632ad247c7ddcfdd057aae0fea1c6dc26b1f08e3e927cf1d2cbaf93d2efc92b6b75ab68f81e17e217839bc3d56941df56af6f3d74f26fa2d764ceb3e3c7fc1492eff658d217c1706b10fc48f8a5ab055b6fecd0d75750824ab13126447804003a632ccc0671e4bf0df4cf01f8ebe355f782fc4d16a0df1027d6ecfc4571fda3aa47aade4f3fd9cbbb432a4612148e3516e5037cbe61201e6bc53c17f13a0f843f03fc7de1ff0008dd5c5ff8ee3d61574bd377ed9afde462b2c8cd26e7658406242b12048b8f6e87fe09efe0bf1c7883e3df837c53e38b59edeeaede5860bb8adc411ebed0db5c22caeb8047928cf1a91f7d4ee6c9e6bf13960634e955ab293b284924dbbdddad65d15d59b6db97c8fb8c657c74b32a34f05654efcd392eb6dff0d92b5ae7a77ed25f1b3f686d1bc4d0e97a2f8bf41f0df85efadeea0b382ceca2b786010e0888390d8609bd8e4e4b039ac1f853e279b4bf845a2f8f3c751f8a7e31681e2a904422bbdb70ba3df2ee546f25c14646538084042dc1c86db5d07ed0dfb41f8b3e22df78f347d021b6f0ef803c26f1db28d925c3eaf2cd2c42531315292a387641818c2be0924d783e83fb50dc7c06f16fc5ff0003e8b37fc22fe1bd42da1bbf0c69022592ce5bf7920fb5450237ccac8ec24489645450cdd94638e852c4d78c6927cd3d1bd375ebbf54f65a26ddad67f5988c646850756a4128f549ff004b6bf5decba963f685f829a4fed8ff001534fd27c75a1f867e14dae9b00b5d25e2b045d4fc46fe608d5e48ece28e3f2d0045222188d8e0e38af70d5ffe09e3e10ff827e7c2ed16cf5092f3c71e17f133c51e976763a5aaea567ab796d24aff006a049550158c7bb180a558b6067ce7c67a649e20f0a7c3ff0019cd1eb5a3c7f0c756824f0f6b7e16b76d5232d7c1666816d49de2171bb7167721d4aec6dd5ea3f0eff6faf889e1ef11ebdac78ebc45ff0008af80eea699d16ff4f167a6d8a32a7fa6c2f3c8d3c6eac9fea48dac5d8e17a1f4aa4dfb19e12bce51ded1d6ea49f47adf9bcf5d5ec78b87a94714e18ba118ca0d24f75756d53f35e892d11a3a1fed8d6abfb1ee8571a07836f21f147855aeec6c346d56c2767b4d45dbc8b3b589e6506766251da500a85c9cfa7d9dfb267c3bd47e127c1ad0342d73509b56f12c309bcd7750958b3deea37044b70e49e7824003b018e00ae1fe14f8db41f897f0ff004ff16d9c7a9eb1a46a576b7ba1dc6b7196975499010973146caa52dc6e2dbb6a9656001c482bd93c048cd6aad233c9231deeec72cec4e589f7279afd63c37c86a61b0d3c76220e129bd13bdd452b25aa4fbb77577a7647c071a6690c4626387a2ef18afc5bbb7f824974d7b999e3cb19242e1c6e539214f435f357c4bb7d63e1f788bfe126f0ccff0064d52d5994a91e65bdcc67ef452a7468db0323d402082011f5c788b4e17e8dfec03f85791f8dbc170ea96f3c6d1608ce32b8247ad7eb38794797925b1f0159352e65b9f1bfc52f807e04fdbdf5ab29bc33ab7fc2b9f891a6dcc779378725bafb3c77b7119cacd6738e49ebf730f838646192717f680f06788be115ef80af35ed4b54d27c6d7363ac43a55abc4b2c7a65c8b6904a1e58c05ff48551b031182db428dc54697ed25fb395d5bde49a85b42642d2ee000c3281d307d475ac3f87dfb5efc4af8656f1e92daf7f6f69f0e1469de20b65d49001d155dff78bf838c76af92e21f0ff000d983f6945f2bb3db4bdf7bf4777bdf57d59ebe4dc4789c0d4738c9b4ed78bd63a6d65bc7e5a2e891e5ffb396a9f18bf6a0f87abe2dd3be1df883579ae352b480589ba4d1b4f86d2dca993c959184533021983373b948c8c915e8969ff00049df891f173c41af49e26fecbd034d9afdb58d3b5dfed189efb487955fce12c3bc0f2947649402ae41276ed6f4af0d7ed6fa2e9f7d71717bf08fc3f05f5f227da6eb41d66eb4c6976e76fca37818c9c73dea6d67f69cf0cea5633adb780bc451c938203dc78f35121323181e5ec6031d811ebd6be171be1b6671c64ab6094545bd1b6d496d6dae95b6eb74ddfcbec30fc67869e07ead8addaf7acb47dedb3d4c9f89dfb3af89be1cfecff00e1ff00855e04f02ebd24d791cfa669b73a5dc456f693dd34604bafdcce9e60121c2e002582c8a830d935a10fecbde0ef859169abf199bc3fe3cf1569f1dbfd83c15a5a3cb676af081e5497934a5df0080db5b6e79c4473b854bffda9bc77ae695fd93a45e278634b6822b668749320b99a38d0468925d4aef70e15401feb074ae93e007c10927b85bb9e3dccec5c96e4b13c924fa9f5ef5f63c35c014305155f1c94eb5f99cb56d68924ba2b2d9dafd534db3e1b11993552a4709397b397d97a2f9f57e9a2b6e99ef5f0d25d53c73ab7f6c6b1246d7132ac71c51279705a443eec3127f0a0cf4ea4e4924926bddbc31626ded9467f0f4ae1be1df84574e58e468fe60bb01f6fa57a669902c30af15f635b96d68ec63455df34b73fffd9);

-- --------------------------------------------------------

--
-- Table structure for table `orders`
--

CREATE TABLE `orders` (
  `id` int(11) NOT NULL,
  `customer_id` int(11) NOT NULL,
  `address` varchar(300) NOT NULL,
  `description` varchar(300) NOT NULL,
  `date` datetime NOT NULL DEFAULT current_timestamp(),
  `payment_type` varchar(16) NOT NULL DEFAULT 'Wallet',
  `total` int(11) NOT NULL,
  `status` varchar(25) NOT NULL DEFAULT 'Yet to be delivered',
  `deleted` tinyint(4) NOT NULL DEFAULT 0
) ENGINE=InnoDB DEFAULT CHARSET=latin1 COLLATE=latin1_swedish_ci;

--
-- Dumping data for table `orders`
--

INSERT INTO `orders` (`id`, `customer_id`, `address`, `description`, `date`, `payment_type`, `total`, `status`, `deleted`) VALUES
(1, 11, 'Tecb room 112 building 1', '', '2024-05-15 11:09:52', 'Cash On Delivery', 100, 'Delivered', 0),
(2, 12, 'tecb college room no 103', '', '2024-05-15 11:20:36', 'Cash On Delivery', 860, 'Cancelled by Admin', 0),
(3, 12, 'tecb college area room no 203', '', '2024-05-15 11:26:00', 'Cash On Delivery', 200, 'Delivered', 0),
(4, 14, 'room no 1', '', '2024-05-18 14:05:36', 'Cash On Delivery', 160, 'Yet to be delivered', 0),
(5, 15, 'room 12', '', '2024-05-18 14:07:48', 'Cash On Delivery', 160, 'Cancelled by Customer', 1),
(6, 12, 'Room No 1 Building 1', '', '2024-05-19 20:28:34', 'Cash On Delivery', 160, 'Yet to be delivered', 0),
(7, 16, 'room 2 ', '', '2024-05-19 21:01:40', 'Cash On Delivery', 580, 'Yet to be delivered', 0),
(8, 14, 'room 1', '', '2024-05-20 21:40:26', 'Cash On Delivery', 100, 'Yet to be delivered', 0);

-- --------------------------------------------------------

--
-- Table structure for table `order_details`
--

CREATE TABLE `order_details` (
  `id` int(11) NOT NULL,
  `order_id` int(11) NOT NULL,
  `item_id` int(11) NOT NULL,
  `quantity` int(11) NOT NULL,
  `price` int(11) NOT NULL
) ENGINE=InnoDB DEFAULT CHARSET=latin1 COLLATE=latin1_swedish_ci;

--
-- Dumping data for table `order_details`
--

INSERT INTO `order_details` (`id`, `order_id`, `item_id`, `quantity`, `price`) VALUES
(1, 1, 1, 1, 100),
(2, 2, 1, 5, 500),
(3, 2, 3, 6, 360),
(4, 3, 1, 2, 200),
(5, 4, 1, 1, 100),
(6, 4, 3, 1, 60),
(7, 5, 1, 1, 100),
(8, 5, 3, 1, 60),
(9, 6, 1, 1, 100),
(10, 6, 3, 1, 60),
(11, 7, 1, 1, 100),
(12, 7, 3, 1, 60),
(13, 7, 4, 1, 50),
(14, 7, 5, 1, 60),
(15, 7, 2, 1, 150),
(16, 7, 7, 1, 60),
(17, 7, 8, 1, 60),
(18, 7, 6, 1, 40),
(19, 8, 1, 1, 100);

-- --------------------------------------------------------

--
-- Table structure for table `tickets`
--

CREATE TABLE `tickets` (
  `id` int(11) NOT NULL,
  `poster_id` int(11) NOT NULL,
  `subject` varchar(100) NOT NULL,
  `description` varchar(3000) NOT NULL,
  `status` varchar(8) NOT NULL DEFAULT 'Open',
  `type` varchar(30) NOT NULL DEFAULT 'Others',
  `date` datetime NOT NULL DEFAULT current_timestamp(),
  `deleted` tinyint(4) NOT NULL DEFAULT 0
) ENGINE=InnoDB DEFAULT CHARSET=latin1 COLLATE=latin1_swedish_ci;

--
-- Dumping data for table `tickets`
--

INSERT INTO `tickets` (`id`, `poster_id`, `subject`, `description`, `status`, `type`, `date`, `deleted`) VALUES
(1, 11, 'worst food', 'worst food and bad quality', 'Closed', 'Complaint', '2024-05-15 11:10:34', 0);

-- --------------------------------------------------------

--
-- Table structure for table `ticket_details`
--

CREATE TABLE `ticket_details` (
  `id` int(11) NOT NULL,
  `ticket_id` int(11) NOT NULL,
  `user_id` int(11) NOT NULL,
  `description` varchar(1000) NOT NULL,
  `date` datetime NOT NULL DEFAULT current_timestamp()
) ENGINE=InnoDB DEFAULT CHARSET=latin1 COLLATE=latin1_swedish_ci;

--
-- Dumping data for table `ticket_details`
--

INSERT INTO `ticket_details` (`id`, `ticket_id`, `user_id`, `description`, `date`) VALUES
(1, 1, 11, 'Food is not ready need help', '2024-05-13 21:30:51'),
(2, 1, 1, 'food order is cancelled', '2024-05-13 21:31:41'),
(3, 1, 11, 'i need food anyhow\r\n', '2024-05-13 21:32:36'),
(4, 1, 11, 'worst food and bad quality', '2024-05-15 11:10:34'),
(5, 1, 1, 'we can&#039;t do anything sorry', '2024-05-15 11:22:30');

-- --------------------------------------------------------

--
-- Table structure for table `users`
--

CREATE TABLE `users` (
  `id` int(11) NOT NULL,
  `role` varchar(15) NOT NULL DEFAULT 'Customer',
  `name` varchar(15) NOT NULL,
  `username` varchar(100) NOT NULL,
  `password` varchar(16) NOT NULL,
  `email` varchar(35) DEFAULT NULL,
  `address` varchar(300) DEFAULT NULL,
  `contact` bigint(11) NOT NULL,
  `verified` tinyint(1) NOT NULL DEFAULT 0,
  `deleted` tinyint(4) NOT NULL DEFAULT 0
) ENGINE=InnoDB DEFAULT CHARSET=latin1 COLLATE=latin1_swedish_ci;

--
-- Dumping data for table `users`
--

INSERT INTO `users` (`id`, `role`, `name`, `username`, `password`, `email`, `address`, `contact`, `verified`, `deleted`) VALUES
(1, 'Administrator', 'Admin 1', 'admin', 'admin', '', 'Address 1', 9898000000, 1, 0),
(2, 'Customer', 'Customer 1', 'user1', 'pass1', 'mail2@example.com', 'Address 2', 9898000001, 1, 0),
(3, 'Administrator', 'somnath', 'somnath', '123456', NULL, NULL, 9123456789, 1, 0),
(4, 'Administrator', 'narendra', 'narendranathpanda', '123456', 'narendra@gmail.com', 'kolkata', 2233555444, 1, 0),
(10, 'Customer', 'narendra', 'abcde', '00000000', 'mr.narendranathpanda@gmail.com', 'kolkata, haldiram', 321456987, 0, 0),
(11, 'Customer', 'Chayan S', 'chayans', '12345', 'chayan@gmail.com', 'Tecb room 112 building 1', 78554785211, 1, 0),
(12, 'Customer', 'Chayan Sarkar', 'chayan1', '12345', 'chayan@gmail.com', 'Room Number 1, Building Number 1', 8967407652, 1, 0),
(13, 'Customer', 'shubhi', 'shubhiawasthi12', '12345', NULL, NULL, 125934, 0, 0),
(14, 'Customer', 'Somnath Mondal', 'somnath1', '12345', NULL, NULL, 7894568745, 1, 0),
(15, 'Customer', 'abcd d', 'abcd1', '12345', NULL, NULL, 7894561236, 1, 0),
(16, 'Customer', 'Somnath Mondal', 'somnath123', '12345', NULL, NULL, 7894561452, 1, 0);

-- --------------------------------------------------------

--
-- Table structure for table `wallet`
--

CREATE TABLE `wallet` (
  `id` int(11) NOT NULL,
  `customer_id` int(11) NOT NULL
) ENGINE=InnoDB DEFAULT CHARSET=latin1 COLLATE=latin1_swedish_ci;

--
-- Dumping data for table `wallet`
--

INSERT INTO `wallet` (`id`, `customer_id`) VALUES
(1, 1),
(2, 2),
(3, 3),
(4, 4),
(5, 5),
(6, 6),
(7, 7),
(8, 8),
(9, 9),
(10, 10),
(11, 11),
(12, 12),
(13, 13),
(14, 14),
(15, 15),
(16, 16);

-- --------------------------------------------------------

--
-- Table structure for table `wallet_details`
--

CREATE TABLE `wallet_details` (
  `id` int(11) NOT NULL,
  `wallet_id` int(11) NOT NULL,
  `number` varchar(16) NOT NULL,
  `cvv` int(3) NOT NULL,
  `balance` int(11) NOT NULL DEFAULT 2000
) ENGINE=InnoDB DEFAULT CHARSET=latin1 COLLATE=latin1_swedish_ci;

--
-- Dumping data for table `wallet_details`
--

INSERT INTO `wallet_details` (`id`, `wallet_id`, `number`, `cvv`, `balance`) VALUES
(1, 1, '6155247490533921', 983, 3430),
(2, 2, '1887587142382050', 772, 1850),
(3, 3, '4595809639046830', 532, 1585),
(4, 4, '5475856443351234', 521, 2000),
(5, 5, '9076633115663264', 229, 2000),
(6, 6, '5647187738843860', 768, 2000),
(7, 7, '2514747678902921', 631, 2000),
(8, 8, '5004083437375405', 583, 4000),
(9, 9, '2341845510896185', 898, 2000),
(10, 10, '3836713289917992', 597, 2000),
(11, 11, '8945869419198102', 600, 5400),
(12, 12, '1786763566216075', 262, 2000),
(13, 13, '993904841469245', 134, 2000),
(14, 14, '6137313714619054', 790, 2000),
(15, 15, '2292101065187137', 252, 2000),
(16, 16, '5699657611350594', 8, 2000);

--
-- Indexes for dumped tables
--

--
-- Indexes for table `items`
--
ALTER TABLE `items`
  ADD PRIMARY KEY (`id`),
  ADD UNIQUE KEY `name` (`name`),
  ADD UNIQUE KEY `id` (`id`);

--
-- Indexes for table `orders`
--
ALTER TABLE `orders`
  ADD PRIMARY KEY (`id`),
  ADD UNIQUE KEY `id` (`id`),
  ADD KEY `customer_id` (`customer_id`);

--
-- Indexes for table `order_details`
--
ALTER TABLE `order_details`
  ADD PRIMARY KEY (`id`),
  ADD UNIQUE KEY `id` (`id`),
  ADD KEY `item_id` (`item_id`),
  ADD KEY `order_id` (`order_id`);

--
-- Indexes for table `tickets`
--
ALTER TABLE `tickets`
  ADD PRIMARY KEY (`id`),
  ADD KEY `poster_id` (`poster_id`);

--
-- Indexes for table `ticket_details`
--
ALTER TABLE `ticket_details`
  ADD PRIMARY KEY (`id`),
  ADD KEY `ticket_id` (`ticket_id`),
  ADD KEY `user_id` (`user_id`);

--
-- Indexes for table `users`
--
ALTER TABLE `users`
  ADD PRIMARY KEY (`id`),
  ADD UNIQUE KEY `username` (`username`),
  ADD UNIQUE KEY `id` (`id`);

--
-- Indexes for table `wallet`
--
ALTER TABLE `wallet`
  ADD PRIMARY KEY (`id`),
  ADD UNIQUE KEY `customer_id` (`customer_id`),
  ADD UNIQUE KEY `id` (`id`);

--
-- Indexes for table `wallet_details`
--
ALTER TABLE `wallet_details`
  ADD PRIMARY KEY (`id`),
  ADD UNIQUE KEY `wallet_id` (`wallet_id`),
  ADD UNIQUE KEY `id` (`id`);

--
-- AUTO_INCREMENT for dumped tables
--

--
-- AUTO_INCREMENT for table `items`
--
ALTER TABLE `items`
  MODIFY `id` int(11) NOT NULL AUTO_INCREMENT, AUTO_INCREMENT=9;

--
-- AUTO_INCREMENT for table `orders`
--
ALTER TABLE `orders`
  MODIFY `id` int(11) NOT NULL AUTO_INCREMENT, AUTO_INCREMENT=9;

--
-- AUTO_INCREMENT for table `order_details`
--
ALTER TABLE `order_details`
  MODIFY `id` int(11) NOT NULL AUTO_INCREMENT, AUTO_INCREMENT=20;

--
-- AUTO_INCREMENT for table `tickets`
--
ALTER TABLE `tickets`
  MODIFY `id` int(11) NOT NULL AUTO_INCREMENT, AUTO_INCREMENT=2;

--
-- AUTO_INCREMENT for table `ticket_details`
--
ALTER TABLE `ticket_details`
  MODIFY `id` int(11) NOT NULL AUTO_INCREMENT, AUTO_INCREMENT=6;

--
-- AUTO_INCREMENT for table `users`
--
ALTER TABLE `users`
  MODIFY `id` int(11) NOT NULL AUTO_INCREMENT, AUTO_INCREMENT=17;

--
-- AUTO_INCREMENT for table `wallet`
--
ALTER TABLE `wallet`
  MODIFY `id` int(11) NOT NULL AUTO_INCREMENT, AUTO_INCREMENT=17;

--
-- AUTO_INCREMENT for table `wallet_details`
--
ALTER TABLE `wallet_details`
  MODIFY `id` int(11) NOT NULL AUTO_INCREMENT, AUTO_INCREMENT=17;

--
-- Constraints for dumped tables
--

--
-- Constraints for table `orders`
--
ALTER TABLE `orders`
  ADD CONSTRAINT `orders_ibfk_1` FOREIGN KEY (`customer_id`) REFERENCES `users` (`id`);

--
-- Constraints for table `order_details`
--
ALTER TABLE `order_details`
  ADD CONSTRAINT `order_details_ibfk_1` FOREIGN KEY (`item_id`) REFERENCES `items` (`id`),
  ADD CONSTRAINT `order_details_ibfk_2` FOREIGN KEY (`order_id`) REFERENCES `orders` (`id`);

--
-- Constraints for table `tickets`
--
ALTER TABLE `tickets`
  ADD CONSTRAINT `tickets_ibfk_1` FOREIGN KEY (`poster_id`) REFERENCES `users` (`id`);

--
-- Constraints for table `ticket_details`
--
ALTER TABLE `ticket_details`
  ADD CONSTRAINT `ticket_details_ibfk_1` FOREIGN KEY (`ticket_id`) REFERENCES `tickets` (`id`),
  ADD CONSTRAINT `ticket_details_ibfk_2` FOREIGN KEY (`user_id`) REFERENCES `users` (`id`);
COMMIT;

/*!40101 SET CHARACTER_SET_CLIENT=@OLD_CHARACTER_SET_CLIENT */;
/*!40101 SET CHARACTER_SET_RESULTS=@OLD_CHARACTER_SET_RESULTS */;
/*!40101 SET COLLATION_CONNECTION=@OLD_COLLATION_CONNECTION */;
